bench,Z3-time (ms),Z3-calls,Z3-error,ASTR-time (ms),ASTR-calls,ASTR-error,SPF-error,spf-z3-cputime (s),spf-z3-walltime (s),z3-status,spf-astr-cputime (s),spf-astr-walltime (s),astr-status,astr-log,z3-log,benchmark
APKExplorer,1130,17,1,1016,17,1,0,3.07,1.89,unknown,5.28,1.98,unknown,results-verified/astr/logfiles/SV-COMP26_no-runtime-exception.APKExplorer.yml.log,results-verified/z3/logfiles/SV-COMP26_no-runtime-exception.APKExplorer.yml.log,sv-benchmarks/java/argv/APK-Explorer-Editor/app.src.main.java.com.apk.editor.utils/APKExplorer/Main.java
ASMUtil,0,1,1,0,1,1,0,1.62,0.71,unknown,1.69,0.74,unknown,results-verified/astr/logfiles/SV-COMP26_no-runtime-exception.ASMUtil.yml.log,results-verified/z3/logfiles/SV-COMP26_no-runtime-exception.ASMUtil.yml.log,sv-benchmarks/java/argv/jar-analyzer/src.main.java.me.n1ar4.dbg.utils/ASMUtil/Main.java
ASMUtil_1,0,1,1,0,1,1,0,1.65,0.69,unknown,1.56,0.69,unknown,results-verified/astr/logfiles/SV-COMP26_no-runtime-exception.ASMUtil_1.yml.log,results-verified/z3/logfiles/SV-COMP26_no-runtime-exception.ASMUtil_1.yml.log,sv-benchmarks/java/argv/jar-analyzer/src.main.java.me.n1ar4.jar.analyzer.utils/ASMUtil_1/Main.java
AbstractJsonFunction,26,1,0,17,1,0,1,1.69,0.73,unknown,1.64,0.72,unknown,results-verified/astr/logfiles/SV-COMP26_no-runtime-exception.AbstractJsonFunction.yml.log,results-verified/z3/logfiles/SV-COMP26_no-runtime-exception.AbstractJsonFunction.yml.log,sv-benchmarks/java/argv/blaze-persistence/core.impl.src.main.java.com.blazebit.persistence.impl.function.jsonset/AbstractJsonFunction/Main.java
AddExecutionParametersRequest,412,8,0,194,8,0,0,2.26,1.11,true,2.62,1.0,true,results-verified/astr/logfiles/SV-COMP26_no-runtime-exception.AddExecutionParametersRequest.yml.log,results-verified/z3/logfiles/SV-COMP26_no-runtime-exception.AddExecutionParametersRequest.yml.log,sv-benchmarks/java/argv/Qualitis/web.project.src.main.java.com.webank.wedatasphere.qualitis.rule.request/AddExecutionParametersRequest/Main.java
AddressUtil,46,2,1,27,2,1,0,1.58,0.67,unknown,1.56,0.68,unknown,results-verified/astr/logfiles/SV-COMP26_no-runtime-exception.AddressUtil.yml.log,results-verified/z3/logfiles/SV-COMP26_no-runtime-exception.AddressUtil.yml.log,sv-benchmarks/java/argv/hippo4j/threadpool.rpc.src.main.java.cn.hippo4j.rpc.support/AddressUtil/Main.java
Agent,35,1,1,19,1,1,0,1.76,0.73,unknown,1.79,0.72,unknown,results-verified/astr/logfiles/SV-COMP26_no-runtime-exception.Agent.yml.log,results-verified/z3/logfiles/SV-COMP26_no-runtime-exception.Agent.yml.log,sv-benchmarks/java/argv/jar-analyzer/agent.src.main.java.com.n1ar4.agent/Agent/Main.java
AgentRollupIds,27,2,1,19,2,1,0,1.69,0.72,unknown,1.61,0.69,unknown,results-verified/astr/logfiles/SV-COMP26_no-runtime-exception.AgentRollupIds.yml.log,results-verified/z3/logfiles/SV-COMP26_no-runtime-exception.AgentRollupIds.yml.log,sv-benchmarks/java/argv/glowroot/central.src.main.java.org.glowroot.central.repo/AgentRollupIds/Main.java
AnimatedPhoneNumberEditText,57,5,0,0,1,1,0,2.48,1.06,unknown,2.52,1.02,unknown,results-verified/astr/logfiles/SV-COMP26_no-runtime-exception.AnimatedPhoneNumberEditText.yml.log,results-verified/z3/logfiles/SV-COMP26_no-runtime-exception.AnimatedPhoneNumberEditText.yml.log,sv-benchmarks/java/argv/Nullgram/TMessagesProj.src.main.java.org.telegram.ui.Components/AnimatedPhoneNumberEditText/Main.java
AnimatedPhoneNumberEditText_1,42,5,0,0,1,1,0,2.56,1.07,unknown,2.43,1.05,unknown,results-verified/astr/logfiles/SV-COMP26_no-runtime-exception.AnimatedPhoneNumberEditText_1.yml.log,results-verified/z3/logfiles/SV-COMP26_no-runtime-exception.AnimatedPhoneNumberEditText_1.yml.log,sv-benchmarks/java/argv/chatAir/TMessagesProj.src.main.java.org.telegram.ui.Components/AnimatedPhoneNumberEditText_1/Main.java
AntFarmRpcCall,165,13,1,0,1,1,0,4.35,2.75,unknown,2.41,1.18,unknown,results-verified/astr/logfiles/SV-COMP26_no-runtime-exception.AntFarmRpcCall.yml.log,results-verified/z3/logfiles/SV-COMP26_no-runtime-exception.AntFarmRpcCall.yml.log,sv-benchmarks/java/argv/Sesame/app.src.main.java.io.github.lazyimmortal.sesame.model.task.antFarm/AntFarmRpcCall/Main.java
ApiDocsController,77,8,0,0,1,1,0,1.81,0.79,true,1.83,0.77,unknown,results-verified/astr/logfiles/SV-COMP26_no-runtime-exception.ApiDocsController.yml.log,results-verified/z3/logfiles/SV-COMP26_no-runtime-exception.ApiDocsController.yml.log,sv-benchmarks/java/argv/elide/elide-spring.elide-spring-boot-autoconfigure.src.main.java.com.yahoo.elide.spring.controllers/ApiDocsController/Main.java
AppHelper,237,7,0,94,6,1,0,2.17,0.94,false,2.11,0.82,unknown,results-verified/astr/logfiles/SV-COMP26_no-runtime-exception.AppHelper.yml.log,results-verified/z3/logfiles/SV-COMP26_no-runtime-exception.AppHelper.yml.log,sv-benchmarks/java/argv/customiuizer/app.src.main.java.name.monwf.customiuizer.utils/AppHelper/Main.java
AppInstanceConstants,26,2,0,0,1,1,0,1.8,0.78,true,1.69,0.74,unknown,results-verified/astr/logfiles/SV-COMP26_no-runtime-exception.AppInstanceConstants.yml.log,results-verified/z3/logfiles/SV-COMP26_no-runtime-exception.AppInstanceConstants.yml.log,sv-benchmarks/java/argv/DataSphereStudio/dss-appconn.dss-appconn-manager.dss-appconn-manager-core.src.main.java.com.webank.wedatasphere.dss.appconn.manager.utils/AppInstanceConstants/Main.java
ApproximateStringMatcher,0,1,0,0,1,0,1,1.97,0.81,unknown,1.79,0.79,unknown,results-verified/astr/logfiles/SV-COMP26_no-runtime-exception.ApproximateStringMatcher.yml.log,results-verified/z3/logfiles/SV-COMP26_no-runtime-exception.ApproximateStringMatcher.yml.log,sv-benchmarks/java/argv/drill/exec.java-exec.src.main.java.org.apache.drill.exec.util/ApproximateStringMatcher/Main.java
ArgLineParser,0,1,1,0,1,1,1,2.05,0.87,unknown,1.93,0.8,unknown,results-verified/astr/logfiles/SV-COMP26_no-runtime-exception.ArgLineParser.yml.log,results-verified/z3/logfiles/SV-COMP26_no-runtime-exception.ArgLineParser.yml.log,sv-benchmarks/java/argv/pitest/pitest-entry.src.main.java.org.pitest.process/ArgLineParser/Main.java
ArraySliceOperation,45,4,0,15,2,1,0,1.79,0.75,false,1.76,0.76,unknown,results-verified/astr/logfiles/SV-COMP26_no-runtime-exception.ArraySliceOperation.yml.log,results-verified/z3/logfiles/SV-COMP26_no-runtime-exception.ArraySliceOperation.yml.log,sv-benchmarks/java/argv/JsonPath/json-path.src.main.java.com.jayway.jsonpath.internal.path/ArraySliceOperation/Main.java
AssertDeleteStatement,6188,16,0,97,5,1,1,7.87,6.9,true,2.11,0.84,unknown,results-verified/astr/logfiles/SV-COMP26_no-runtime-exception.AssertDeleteStatement.yml.log,results-verified/z3/logfiles/SV-COMP26_no-runtime-exception.AssertDeleteStatement.yml.log,sv-benchmarks/java/argv/blaze-persistence/testsuite-base.assertion.src.main.java.com.blazebit.persistence.testsuite.base.jpa.assertion/AssertDeleteStatement/Main.java
AssertSelectStatement,5247,6,0,85,6,1,0,6.93,5.94,unknown,2.01,0.85,unknown,results-verified/astr/logfiles/SV-COMP26_no-runtime-exception.AssertSelectStatement.yml.log,results-verified/z3/logfiles/SV-COMP26_no-runtime-exception.AssertSelectStatement.yml.log,sv-benchmarks/java/argv/blaze-persistence/testsuite-base.assertion.src.main.java.com.blazebit.persistence.testsuite.base.jpa.assertion/AssertSelectStatement/Main.java
AssetUtil,28,2,0,0,1,1,0,1.7,0.76,unknown,1.64,0.74,unknown,results-verified/astr/logfiles/SV-COMP26_no-runtime-exception.AssetUtil.yml.log,results-verified/z3/logfiles/SV-COMP26_no-runtime-exception.AssetUtil.yml.log,sv-benchmarks/java/argv/cordova-plugin-local-notifications/src.android.util/AssetUtil/Main.java
AudioDecoder,747,22,0,0,1,1,0,2.87,1.54,false,1.79,0.78,unknown,results-verified/astr/logfiles/SV-COMP26_no-runtime-exception.AudioDecoder.yml.log,results-verified/z3/logfiles/SV-COMP26_no-runtime-exception.AudioDecoder.yml.log,sv-benchmarks/java/argv/Nullgram/TMessagesProj.src.main.java.org.telegram.messenger.video/AudioDecoder/Main.java
BaseHandler,730,45,1,0,1,1,0,2.97,1.59,unknown,1.8,0.78,unknown,results-verified/astr/logfiles/SV-COMP26_no-runtime-exception.BaseHandler.yml.log,results-verified/z3/logfiles/SV-COMP26_no-runtime-exception.BaseHandler.yml.log,sv-benchmarks/java/argv/jar-analyzer/src.main.java.me.n1ar4.jar.analyzer.server.handler.base/BaseHandler/Main.java
BashUtils,2385,132,0,0,1,1,0,5.71,4.02,true,1.68,0.71,unknown,results-verified/astr/logfiles/SV-COMP26_no-runtime-exception.BashUtils.yml.log,results-verified/z3/logfiles/SV-COMP26_no-runtime-exception.BashUtils.yml.log,sv-benchmarks/java/argv/Qualitis/web.common.src.main.java.com.webank.wedatasphere.qualitis.util/BashUtils/Main.java
BeanShellUtil,68,5,0,37,5,0,0,1.69,0.69,false,1.76,0.75,false,results-verified/astr/logfiles/SV-COMP26_no-runtime-exception.BeanShellUtil.yml.log,results-verified/z3/logfiles/SV-COMP26_no-runtime-exception.BeanShellUtil.yml.log,sv-benchmarks/java/argv/JYso/src.main.java.com.qi4l.JYso.gadgets.utils.beanshell/BeanShellUtil/Main.java
BigIntegerConverter,58,4,0,34,4,0,0,1.91,0.77,false,2.05,0.83,false,results-verified/astr/logfiles/SV-COMP26_no-runtime-exception.BigIntegerConverter.yml.log,results-verified/z3/logfiles/SV-COMP26_no-runtime-exception.BigIntegerConverter.yml.log,sv-benchmarks/java/argv/TLS-Attacker/TLS-Core.src.main.java.de.rub.nds.tlsattacker.core.config.converters/BigIntegerConverter/Main.java
Bili,24,2,0,0,1,1,0,1.88,0.76,false,1.94,0.8,unknown,results-verified/astr/logfiles/SV-COMP26_no-runtime-exception.Bili.yml.log,results-verified/z3/logfiles/SV-COMP26_no-runtime-exception.Bili.yml.log,sv-benchmarks/java/argv/CatVodSpider/app.src.main.java.com.github.catvod.spider/Bili/Main.java
BindParamsParser,25,2,1,0,1,1,0,1.67,0.7,unknown,1.75,0.74,unknown,results-verified/astr/logfiles/SV-COMP26_no-runtime-exception.BindParamsParser.yml.log,results-verified/z3/logfiles/SV-COMP26_no-runtime-exception.BindParamsParser.yml.log,sv-benchmarks/java/argv/ebean/ebean-core.src.main.java.io.ebeaninternal.server.util/BindParamsParser/Main.java
Bitmap,269,29,1,0,1,1,1,2.33,1.04,unknown,1.77,0.76,unknown,results-verified/astr/logfiles/SV-COMP26_no-runtime-exception.Bitmap.yml.log,results-verified/z3/logfiles/SV-COMP26_no-runtime-exception.Bitmap.yml.log,sv-benchmarks/java/argv/delverengine/core.src.main.java.com.interrupt.dungeoneer.gfx/Bitmap/Main.java
BookmarksFragment,0,1,1,19,2,0,0,1.56,0.68,unknown,1.82,0.77,true,results-verified/astr/logfiles/SV-COMP26_no-runtime-exception.BookmarksFragment.yml.log,results-verified/z3/logfiles/SV-COMP26_no-runtime-exception.BookmarksFragment.yml.log,sv-benchmarks/java/argv/Nullgram/TMessagesProj.src.main.java.org.telegram.ui.web/BookmarksFragment/Main.java
Browser,216,13,0,0,1,1,0,2.15,0.98,false,1.76,0.75,unknown,results-verified/astr/logfiles/SV-COMP26_no-runtime-exception.Browser.yml.log,results-verified/z3/logfiles/SV-COMP26_no-runtime-exception.Browser.yml.log,sv-benchmarks/java/argv/Nullgram/TMessagesProj.src.main.java.org.telegram.messenger.browser/Browser/Main.java
Browser_1,212,13,0,0,1,1,0,2.03,0.98,false,1.6,0.71,unknown,results-verified/astr/logfiles/SV-COMP26_no-runtime-exception.Browser_1.yml.log,results-verified/z3/logfiles/SV-COMP26_no-runtime-exception.Browser_1.yml.log,sv-benchmarks/java/argv/chatAir/TMessagesProj.src.main.java.org.telegram.messenger.browser/Browser_1/Main.java
BuildCompat,26,1,0,16,1,0,1,1.58,0.71,unknown,1.62,0.71,unknown,results-verified/astr/logfiles/SV-COMP26_no-runtime-exception.BuildCompat.yml.log,results-verified/z3/logfiles/SV-COMP26_no-runtime-exception.BuildCompat.yml.log,sv-benchmarks/java/argv/Thanox/android.android_framework.base.src.main.java.github.tornaco.android.thanos.core.compat/BuildCompat/Main.java
CCursorKeyBehavior,33423,3445,0,0,1,1,0,60.79,57.01,TIMEOUT,1.65,0.72,unknown,results-verified/astr/logfiles/SV-COMP26_no-runtime-exception.CCursorKeyBehavior.yml.log,results-verified/z3/logfiles/SV-COMP26_no-runtime-exception.CCursorKeyBehavior.yml.log,sv-benchmarks/java/argv/bindiff/java.zylib.src.main.java.com.google.security.zynamics.zylib.gui.zygraph.realizers.KeyBehaviours/CCursorKeyBehavior/Main.java
CDelKeyBehavior,618,68,0,0,1,1,0,3.61,1.94,false,2.04,0.82,unknown,results-verified/astr/logfiles/SV-COMP26_no-runtime-exception.CDelKeyBehavior.yml.log,results-verified/z3/logfiles/SV-COMP26_no-runtime-exception.CDelKeyBehavior.yml.log,sv-benchmarks/java/argv/bindiff/java.zylib.src.main.java.com.google.security.zynamics.zylib.gui.zygraph.realizers.KeyBehaviours/CDelKeyBehavior/Main.java
CIDRUtils,47,2,0,25,2,0,0,1.7,0.75,false,1.83,0.76,false,results-verified/astr/logfiles/SV-COMP26_no-runtime-exception.CIDRUtils.yml.log,results-verified/z3/logfiles/SV-COMP26_no-runtime-exception.CIDRUtils.yml.log,sv-benchmarks/java/argv/Arduino/arduino-core.src.edazdarevic.commons.net/CIDRUtils/Main.java
CMultiCommentLineTokenizer,90,8,0,0,1,0,1,1.94,0.85,true,1.6,0.71,unknown,results-verified/astr/logfiles/SV-COMP26_no-runtime-exception.CMultiCommentLineTokenizer.yml.log,results-verified/z3/logfiles/SV-COMP26_no-runtime-exception.CMultiCommentLineTokenizer.yml.log,sv-benchmarks/java/argv/bindiff/java.zylib.src.main.java.com.google.security.zynamics.zylib.gui.zygraph.realizers.KeyBehaviours.Tokenizer/CMultiCommentLineTokenizer/Main.java
CReturnKeyBehavior,10229,1136,0,0,1,1,0,17.89,14.5,true,1.78,0.74,unknown,results-verified/astr/logfiles/SV-COMP26_no-runtime-exception.CReturnKeyBehavior.yml.log,results-verified/z3/logfiles/SV-COMP26_no-runtime-exception.CReturnKeyBehavior.yml.log,sv-benchmarks/java/argv/bindiff/java.zylib.src.main.java.com.google.security.zynamics.zylib.gui.zygraph.realizers.KeyBehaviours/CReturnKeyBehavior/Main.java
CSV,0,1,1,0,1,0,1,1.66,0.71,unknown,1.58,0.7,unknown,results-verified/astr/logfiles/SV-COMP26_no-runtime-exception.CSV.yml.log,results-verified/z3/logfiles/SV-COMP26_no-runtime-exception.CSV.yml.log,sv-benchmarks/java/argv/jfreechart/src.main.java.org.jfree.data.io/CSV/Main.java
CTemplateNumberFormat,113,13,0,0,1,1,1,1.82,0.81,false,1.68,0.72,unknown,results-verified/astr/logfiles/SV-COMP26_no-runtime-exception.CTemplateNumberFormat.yml.log,results-verified/z3/logfiles/SV-COMP26_no-runtime-exception.CTemplateNumberFormat.yml.log,sv-benchmarks/java/argv/freemarker/freemarker-core.src.main.java.freemarker.core/CTemplateNumberFormat/Main.java
CallingCodeInfo,49,3,0,15,3,1,1,1.82,0.76,unknown,1.87,0.76,unknown,results-verified/astr/logfiles/SV-COMP26_no-runtime-exception.CallingCodeInfo.yml.log,results-verified/z3/logfiles/SV-COMP26_no-runtime-exception.CallingCodeInfo.yml.log,sv-benchmarks/java/argv/Nullgram/TMessagesProj.src.main.java.org.telegram.PhoneFormat/CallingCodeInfo/Main.java
CallingCodeInfo_1,48,3,0,14,3,1,1,1.7,0.74,unknown,1.78,0.74,unknown,results-verified/astr/logfiles/SV-COMP26_no-runtime-exception.CallingCodeInfo_1.yml.log,results-verified/z3/logfiles/SV-COMP26_no-runtime-exception.CallingCodeInfo_1.yml.log,sv-benchmarks/java/argv/chatAir/TMessagesProj.src.main.java.org.telegram.PhoneFormat/CallingCodeInfo_1/Main.java
CamundaBpmRunAuthenticationProperties,41,2,0,21,2,0,0,1.74,0.75,false,1.76,0.73,false,results-verified/astr/logfiles/SV-COMP26_no-runtime-exception.CamundaBpmRunAuthenticationProperties.yml.log,results-verified/z3/logfiles/SV-COMP26_no-runtime-exception.CamundaBpmRunAuthenticationProperties.yml.log,sv-benchmarks/java/argv/camunda-bpm-platform/distro.run.core.src.main.java.org.camunda.bpm.run.property/CamundaBpmRunAuthenticationProperties/Main.java
CategoryWordTag,83,7,0,0,1,1,0,1.89,0.82,false,1.77,0.75,unknown,results-verified/astr/logfiles/SV-COMP26_no-runtime-exception.CategoryWordTag.yml.log,results-verified/z3/logfiles/SV-COMP26_no-runtime-exception.CategoryWordTag.yml.log,sv-benchmarks/java/argv/CoreNLP/src.edu.stanford.nlp.ling/CategoryWordTag/Main.java
Cell,55,3,0,20,2,1,0,1.76,0.75,false,1.79,0.74,unknown,results-verified/astr/logfiles/SV-COMP26_no-runtime-exception.Cell.yml.log,results-verified/z3/logfiles/SV-COMP26_no-runtime-exception.Cell.yml.log,sv-benchmarks/java/argv/OpenPDF/openpdf-core.src.main.java.org.openpdf.text/Cell/Main.java
Cell,55,3,0,20,2,1,0,1.76,0.75,false,1.91,0.82,false,results-verified/astr/logfiles/SV-COMP26_no-runtime-exception.Cell.yml.log,results-verified/z3/logfiles/SV-COMP26_no-runtime-exception.Cell.yml.log,sv-benchmarks/java/argv/OpenPDF/openpdf-core.src.main.java.org.openpdf.text/Cell/Main.java
Cell,55,3,0,20,2,1,0,1.56,0.65,false,1.79,0.74,unknown,results-verified/astr/logfiles/SV-COMP26_no-runtime-exception.Cell.yml.log,results-verified/z3/logfiles/SV-COMP26_no-runtime-exception.Cell.yml.log,sv-benchmarks/java/argv/OpenPDF/openpdf-core.src.main.java.org.openpdf.text/Cell/Main.java
Cell,55,3,0,20,2,1,0,1.56,0.65,false,1.91,0.82,false,results-verified/astr/logfiles/SV-COMP26_no-runtime-exception.Cell.yml.log,results-verified/z3/logfiles/SV-COMP26_no-runtime-exception.Cell.yml.log,sv-benchmarks/java/argv/OpenPDF/openpdf-core.src.main.java.org.openpdf.text/Cell/Main.java
CentralCollector,43,2,0,37,2,1,0,1.66,0.7,true,1.85,0.76,unknown,results-verified/astr/logfiles/SV-COMP26_no-runtime-exception.CentralCollector.yml.log,results-verified/z3/logfiles/SV-COMP26_no-runtime-exception.CentralCollector.yml.log,sv-benchmarks/java/argv/glowroot/agent.core.src.main.java.org.glowroot.agent.central/CentralCollector/Main.java
ChangeUsernameActivity,144,15,1,0,1,1,0,2.17,0.97,unknown,1.79,0.76,unknown,results-verified/astr/logfiles/SV-COMP26_no-runtime-exception.ChangeUsernameActivity.yml.log,results-verified/z3/logfiles/SV-COMP26_no-runtime-exception.ChangeUsernameActivity.yml.log,sv-benchmarks/java/argv/chatAir/TMessagesProj.src.main.java.org.telegram.ui/ChangeUsernameActivity/Main.java
Chromium,20173,2485,0,30,2,1,0,45.58,40.96,unknown,1.92,0.8,unknown,results-verified/astr/logfiles/SV-COMP26_no-runtime-exception.Chromium.yml.log,results-verified/z3/logfiles/SV-COMP26_no-runtime-exception.Chromium.yml.log,sv-benchmarks/java/argv/autopsy/RecentActivity.src.org.sleuthkit.autopsy.recentactivity/Chromium/Main.java
ClassPathProcessApplicationScanner,76,6,0,30,2,0,1,1.73,0.75,true,1.69,0.75,unknown,results-verified/astr/logfiles/SV-COMP26_no-runtime-exception.ClassPathProcessApplicationScanner.yml.log,results-verified/z3/logfiles/SV-COMP26_no-runtime-exception.ClassPathProcessApplicationScanner.yml.log,sv-benchmarks/java/argv/camunda-bpm-platform/engine.src.main.java.org.camunda.bpm.container.impl.deployment.scanning/ClassPathProcessApplicationScanner/Main.java
CleanNodeFormatter,147,8,0,87,8,0,0,1.93,0.86,true,2.04,0.84,true,results-verified/astr/logfiles/SV-COMP26_no-runtime-exception.CleanNodeFormatter.yml.log,results-verified/z3/logfiles/SV-COMP26_no-runtime-exception.CleanNodeFormatter.yml.log,sv-benchmarks/java/argv/leetcode-editor/src.main.java.com.shuzijun.leetcode.plugin.utils.doc/CleanNodeFormatter/Main.java
Cling,130,11,0,203,11,0,1,1.91,0.81,unknown,2.57,0.99,unknown,results-verified/astr/logfiles/SV-COMP26_no-runtime-exception.Cling.yml.log,results-verified/z3/logfiles/SV-COMP26_no-runtime-exception.Cling.yml.log,sv-benchmarks/java/argv/SPatch-Update/app.src.main.java.com.android.launcher2/Cling/Main.java
ClojureUtil,74,5,0,40,5,0,0,1.7,0.71,false,1.78,0.74,false,results-verified/astr/logfiles/SV-COMP26_no-runtime-exception.ClojureUtil.yml.log,results-verified/z3/logfiles/SV-COMP26_no-runtime-exception.ClojureUtil.yml.log,sv-benchmarks/java/argv/JYso/src.main.java.com.qi4l.JYso.gadgets.utils.clojure/ClojureUtil/Main.java
CoNLLBenchmark,72,3,0,39,5,0,0,60.43,59.69,TIMEOUT,2.0,0.83,unknown,results-verified/astr/logfiles/SV-COMP26_no-runtime-exception.CoNLLBenchmark.yml.log,results-verified/z3/logfiles/SV-COMP26_no-runtime-exception.CoNLLBenchmark.yml.log,sv-benchmarks/java/argv/CoreNLP/src.edu.stanford.nlp.loglinear.benchmarks/CoNLLBenchmark/Main.java
CoNLLFeaturizer,65,3,0,35,4,0,0,60.43,59.78,TIMEOUT,1.76,0.74,true,results-verified/astr/logfiles/SV-COMP26_no-runtime-exception.CoNLLFeaturizer.yml.log,results-verified/z3/logfiles/SV-COMP26_no-runtime-exception.CoNLLFeaturizer.yml.log,sv-benchmarks/java/argv/CoreNLP/src.edu.stanford.nlp.loglinear.benchmarks/CoNLLFeaturizer/Main.java
CoNLLUDocumentWriter,11197,1238,0,0,1,1,1,17.28,14.27,true,1.78,0.77,unknown,results-verified/astr/logfiles/SV-COMP26_no-runtime-exception.CoNLLUDocumentWriter.yml.log,results-verified/z3/logfiles/SV-COMP26_no-runtime-exception.CoNLLUDocumentWriter.yml.log,sv-benchmarks/java/argv/CoreNLP/src.edu.stanford.nlp.trees.ud/CoNLLUDocumentWriter/Main.java
ColorParser,36,2,1,0,1,0,1,1.76,0.76,unknown,1.68,0.73,unknown,results-verified/astr/logfiles/SV-COMP26_no-runtime-exception.ColorParser.yml.log,results-verified/z3/logfiles/SV-COMP26_no-runtime-exception.ColorParser.yml.log,sv-benchmarks/java/argv/Nullgram/TMessagesProj.src.main.java.com.google.android.exoplayer2.util/ColorParser/Main.java
ColorParser_1,27,2,1,0,1,0,1,1.75,0.74,unknown,1.69,0.72,unknown,results-verified/astr/logfiles/SV-COMP26_no-runtime-exception.ColorParser_1.yml.log,results-verified/z3/logfiles/SV-COMP26_no-runtime-exception.ColorParser_1.yml.log,sv-benchmarks/java/argv/chatAir/TMessagesProj.src.main.java.com.google.android.exoplayer2.util/ColorParser_1/Main.java
CommandPattern,288,31,1,0,1,1,1,2.58,1.16,unknown,1.8,0.75,unknown,results-verified/astr/logfiles/SV-COMP26_no-runtime-exception.CommandPattern.yml.log,results-verified/z3/logfiles/SV-COMP26_no-runtime-exception.CommandPattern.yml.log,sv-benchmarks/java/argv/coffee-gb/core.src.main.java.eu.rekawek.coffeegb.core.debug/CommandPattern/Main.java
CommentManager,550,44,0,0,1,1,0,2.75,1.4,true,1.6,0.68,unknown,results-verified/astr/logfiles/SV-COMP26_no-runtime-exception.CommentManager.yml.log,results-verified/z3/logfiles/SV-COMP26_no-runtime-exception.CommentManager.yml.log,sv-benchmarks/java/argv/Thanox/android.app.src.main.java.github.tornaco.thanos.android.module.profile.codeditor.plugin/CommentManager/Main.java
CompactMediaTypeIdConverter,10111,510,0,0,1,1,0,16.37,13.87,true,1.6,0.68,unknown,results-verified/astr/logfiles/SV-COMP26_no-runtime-exception.CompactMediaTypeIdConverter.yml.log,results-verified/z3/logfiles/SV-COMP26_no-runtime-exception.CompactMediaTypeIdConverter.yml.log,sv-benchmarks/java/argv/jjwt/impl.src.main.java.io.jsonwebtoken.impl.lang/CompactMediaTypeIdConverter/Main.java
ComparisonCompactor,32809,3204,0,25,2,1,0,60.89,56.38,TIMEOUT,1.75,0.79,unknown,results-verified/astr/logfiles/SV-COMP26_no-runtime-exception.ComparisonCompactor.yml.log,results-verified/z3/logfiles/SV-COMP26_no-runtime-exception.ComparisonCompactor.yml.log,sv-benchmarks/java/argv/junit4/src.main.java.junit.framework/ComparisonCompactor/Main.java
CompoundEmoji,44,4,0,0,1,1,0,1.76,0.74,true,1.64,0.73,unknown,results-verified/astr/logfiles/SV-COMP26_no-runtime-exception.CompoundEmoji.yml.log,results-verified/z3/logfiles/SV-COMP26_no-runtime-exception.CompoundEmoji.yml.log,sv-benchmarks/java/argv/Nullgram/TMessagesProj.src.main.java.org.telegram.messenger/CompoundEmoji/Main.java
Config,15,1,1,0,1,1,0,1.92,0.8,unknown,1.84,0.77,unknown,results-verified/astr/logfiles/SV-COMP26_no-runtime-exception.Config.yml.log,results-verified/z3/logfiles/SV-COMP26_no-runtime-exception.Config.yml.log,sv-benchmarks/java/argv/leetcode-editor/src.main.java.com.shuzijun.leetcode.plugin.model/Config/Main.java
Config_1,30,1,0,21,1,0,3,1.72,0.74,unknown,1.72,0.72,unknown,results-verified/astr/logfiles/SV-COMP26_no-runtime-exception.Config_1.yml.log,results-verified/z3/logfiles/SV-COMP26_no-runtime-exception.Config_1.yml.log,sv-benchmarks/java/argv/mcaselector/src.main.java.net.querz.mcaselector.config/Config_1/Main.java
Converter,40,3,1,23,3,1,0,1.62,0.7,unknown,1.75,0.75,unknown,results-verified/astr/logfiles/SV-COMP26_no-runtime-exception.Converter.yml.log,results-verified/z3/logfiles/SV-COMP26_no-runtime-exception.Converter.yml.log,sv-benchmarks/java/argv/californium/cf-pubsub.src.main.java.org.eclipse.californium.pubsub/Converter/Main.java
CoreOjClassLoader,49,2,0,33,2,0,0,1.67,0.74,true,1.74,0.77,true,results-verified/astr/logfiles/SV-COMP26_no-runtime-exception.CoreOjClassLoader.yml.log,results-verified/z3/logfiles/SV-COMP26_no-runtime-exception.CoreOjClassLoader.yml.log,sv-benchmarks/java/argv/AndroidHiddenApiBypass/library.src.main.java.org.lsposed.hiddenapibypass/CoreOjClassLoader/Main.java
CoreTextContentNodeRenderer,60,4,0,24,3,1,0,1.81,0.78,true,1.75,0.72,unknown,results-verified/astr/logfiles/SV-COMP26_no-runtime-exception.CoreTextContentNodeRenderer.yml.log,results-verified/z3/logfiles/SV-COMP26_no-runtime-exception.CoreTextContentNodeRenderer.yml.log,sv-benchmarks/java/argv/commonmark-java/commonmark.src.main.java.org.commonmark.renderer.text/CoreTextContentNodeRenderer/Main.java
CronTabUtils,205,22,0,0,1,1,0,1.98,0.94,unknown,1.68,0.73,unknown,results-verified/astr/logfiles/SV-COMP26_no-runtime-exception.CronTabUtils.yml.log,results-verified/z3/logfiles/SV-COMP26_no-runtime-exception.CronTabUtils.yml.log,sv-benchmarks/java/argv/document-management-system/src.main.java.com.openkm.util/CronTabUtils/Main.java
DSelectColumnsParser,351,29,1,0,1,1,0,2.58,1.25,unknown,1.72,0.74,unknown,results-verified/astr/logfiles/SV-COMP26_no-runtime-exception.DSelectColumnsParser.yml.log,results-verified/z3/logfiles/SV-COMP26_no-runtime-exception.DSelectColumnsParser.yml.log,sv-benchmarks/java/argv/ebean/ebean-core.src.main.java.io.ebeaninternal.server.util/DSelectColumnsParser/Main.java
DailyRotateLogStore,34,2,0,22,2,0,2,1.73,0.73,false,1.88,0.76,false,results-verified/astr/logfiles/SV-COMP26_no-runtime-exception.DailyRotateLogStore.yml.log,results-verified/z3/logfiles/SV-COMP26_no-runtime-exception.DailyRotateLogStore.yml.log,sv-benchmarks/java/argv/dble/src.main.java.com.actiontech.dble.log/DailyRotateLogStore/Main.java
DataFilePaths,71,4,0,70,4,0,0,1.77,0.74,true,1.92,0.79,true,results-verified/astr/logfiles/SV-COMP26_no-runtime-exception.DataFilePaths.yml.log,results-verified/z3/logfiles/SV-COMP26_no-runtime-exception.DataFilePaths.yml.log,sv-benchmarks/java/argv/CoreNLP/src.edu.stanford.nlp.util/DataFilePaths/Main.java
DatabaseUrlReplacer,1127,9,0,276,9,0,0,2.75,1.81,unknown,2.75,1.09,unknown,results-verified/astr/logfiles/SV-COMP26_no-runtime-exception.DatabaseUrlReplacer.yml.log,results-verified/z3/logfiles/SV-COMP26_no-runtime-exception.DatabaseUrlReplacer.yml.log,sv-benchmarks/java/argv/datavines/datavines-engine.datavines-engine-plugins.datavines-engine-flink.datavines-engine-flink-connector-jdbc.src.main.java.io.datavines.engine.flink.jdbc.utils/DatabaseUrlReplacer/Main.java
DbleHintParser,661,23,0,0,1,1,0,2.35,1.43,false,1.69,0.75,unknown,results-verified/astr/logfiles/SV-COMP26_no-runtime-exception.DbleHintParser.yml.log,results-verified/z3/logfiles/SV-COMP26_no-runtime-exception.DbleHintParser.yml.log,sv-benchmarks/java/argv/dble/src.main.java.com.actiontech.dble.route.parser/DbleHintParser/Main.java
DescriptorUtils,0,1,1,0,1,1,0,1.51,0.7,unknown,1.61,0.7,unknown,results-verified/astr/logfiles/SV-COMP26_no-runtime-exception.DescriptorUtils.yml.log,results-verified/z3/logfiles/SV-COMP26_no-runtime-exception.DescriptorUtils.yml.log,sv-benchmarks/java/argv/jar-analyzer/src.main.java.me.n1ar4.jar.analyzer.analyze.frame/DescriptorUtils/Main.java
Deserializer,29318,44,0,0,1,0,1,33.1,31.53,false,2.15,0.83,unknown,results-verified/astr/logfiles/SV-COMP26_no-runtime-exception.Deserializer.yml.log,results-verified/z3/logfiles/SV-COMP26_no-runtime-exception.Deserializer.yml.log,sv-benchmarks/java/argv/dble/src.main.java.com.actiontech.dble.backend.mysql.xa/Deserializer/Main.java
DesyncBox,62,3,0,188,3,0,1,1.78,0.78,false,2.4,0.93,false,results-verified/astr/logfiles/SV-COMP26_no-runtime-exception.DesyncBox.yml.log,results-verified/z3/logfiles/SV-COMP26_no-runtime-exception.DesyncBox.yml.log,sv-benchmarks/java/argv/http-request-smuggler/src.burp/DesyncBox/Main.java
DialogueOverlay,156,15,0,18,2,1,0,1.85,0.85,unknown,1.61,0.71,unknown,results-verified/astr/logfiles/SV-COMP26_no-runtime-exception.DialogueOverlay.yml.log,results-verified/z3/logfiles/SV-COMP26_no-runtime-exception.DialogueOverlay.yml.log,sv-benchmarks/java/argv/delverengine/core.src.main.java.com.interrupt.dungeoneer.overlays/DialogueOverlay/Main.java
DirectObjectLessonIT,114,12,0,5879,11,0,0,60.45,59.49,TIMEOUT,22.07,10.92,OUT OF MEMORY,results-verified/astr/logfiles/SV-COMP26_no-runtime-exception.DirectObjectLessonIT.yml.log,results-verified/z3/logfiles/SV-COMP26_no-runtime-exception.DirectObjectLessonIT.yml.log,sv-benchmarks/java/argv/SecurityShepherd/src.it.java.servlets.module.lesson/DirectObjectLessonIT/Main.java
DocumentUtils,0,1,1,0,1,1,0,1.59,0.67,unknown,1.79,0.77,unknown,results-verified/astr/logfiles/SV-COMP26_no-runtime-exception.DocumentUtils.yml.log,results-verified/z3/logfiles/SV-COMP26_no-runtime-exception.DocumentUtils.yml.log,sv-benchmarks/java/argv/document-management-system/src.main.java.com.openkm.util/DocumentUtils/Main.java
DolphinSchedulerTokenManager_1_X,47,2,0,23,2,0,0,1.78,0.74,true,1.86,0.78,true,results-verified/astr/logfiles/SV-COMP26_no-runtime-exception.DolphinSchedulerTokenManager_1_X.yml.log,results-verified/z3/logfiles/SV-COMP26_no-runtime-exception.DolphinSchedulerTokenManager_1_X.yml.log,sv-benchmarks/java/argv/DataSphereStudio/dss-appconn.appconns.dss-dolphinscheduler-appconn.src.main.java.com.webank.wedatasphere.dss.appconn.dolphinscheduler.sso/DolphinSchedulerTokenManager_1_X/Main.java
DomStringUtil,37,4,1,0,1,1,1,1.62,0.72,unknown,1.65,0.71,unknown,results-verified/astr/logfiles/SV-COMP26_no-runtime-exception.DomStringUtil.yml.log,results-verified/z3/logfiles/SV-COMP26_no-runtime-exception.DomStringUtil.yml.log,sv-benchmarks/java/argv/freemarker/freemarker-core.src.main.java.freemarker.ext.dom/DomStringUtil/Main.java
DomXPathNamespaceResolver,47,3,0,30,3,0,1,1.71,0.73,unknown,1.73,0.76,unknown,results-verified/astr/logfiles/SV-COMP26_no-runtime-exception.DomXPathNamespaceResolver.yml.log,results-verified/z3/logfiles/SV-COMP26_no-runtime-exception.DomXPathNamespaceResolver.yml.log,sv-benchmarks/java/argv/camunda-bpm-platform/spin.dataformat-xml-dom.src.main.java.org.camunda.spin.impl.xml.dom.query/DomXPathNamespaceResolver/Main.java
DorisDelimiterParser,63,1,0,19,1,0,1,2.22,1.25,unknown,1.75,0.78,unknown,results-verified/astr/logfiles/SV-COMP26_no-runtime-exception.DorisDelimiterParser.yml.log,results-verified/z3/logfiles/SV-COMP26_no-runtime-exception.DorisDelimiterParser.yml.log,sv-benchmarks/java/argv/streampark/streampark-flink.streampark-flink-connector.streampark-flink-connector-doris.src.main.java.org.apache.streampark.flink.connector.doris.util/DorisDelimiterParser/Main.java
DrillAssert,40882,4608,0,0,1,2,1,60.91,56.74,TIMEOUT,1.7,0.75,unknown,results-verified/astr/logfiles/SV-COMP26_no-runtime-exception.DrillAssert.yml.log,results-verified/z3/logfiles/SV-COMP26_no-runtime-exception.DrillAssert.yml.log,sv-benchmarks/java/argv/drill/common.src.test.java.org.apache.drill.test/DrillAssert/Main.java
DruidPlugin,467,13,0,77,5,1,0,2.33,1.2,false,2.08,0.82,unknown,results-verified/astr/logfiles/SV-COMP26_no-runtime-exception.DruidPlugin.yml.log,results-verified/z3/logfiles/SV-COMP26_no-runtime-exception.DruidPlugin.yml.log,sv-benchmarks/java/argv/jfinal/src.main.java.com.jfinal.plugin.druid/DruidPlugin/Main.java
DtsHelper,25,1,1,27,1,1,0,1.5,0.67,unknown,1.76,0.73,unknown,results-verified/astr/logfiles/SV-COMP26_no-runtime-exception.DtsHelper.yml.log,results-verified/z3/logfiles/SV-COMP26_no-runtime-exception.DtsHelper.yml.log,sv-benchmarks/java/argv/KonaBess/app.src.main.java.xzr.konabess.utils/DtsHelper/Main.java
DumpMetrics,30,1,1,26,1,1,0,1.57,0.68,unknown,1.72,0.72,unknown,results-verified/astr/logfiles/SV-COMP26_no-runtime-exception.DumpMetrics.yml.log,results-verified/z3/logfiles/SV-COMP26_no-runtime-exception.DumpMetrics.yml.log,sv-benchmarks/java/argv/ebean/ebean-core.src.main.java.io.ebeaninternal.server.core/DumpMetrics/Main.java
ElideStandaloneExportTest,256,24,0,316,24,0,0,2.21,0.94,true,3.0,1.1,true,results-verified/astr/logfiles/SV-COMP26_no-runtime-exception.ElideStandaloneExportTest.yml.log,results-verified/z3/logfiles/SV-COMP26_no-runtime-exception.ElideStandaloneExportTest.yml.log,sv-benchmarks/java/argv/elide/elide-standalone.src.test.java.example/ElideStandaloneExportTest/Main.java
EmbeddingExtractor,117,10,1,130,10,1,0,1.77,0.78,unknown,2.22,0.89,unknown,results-verified/astr/logfiles/SV-COMP26_no-runtime-exception.EmbeddingExtractor.yml.log,results-verified/z3/logfiles/SV-COMP26_no-runtime-exception.EmbeddingExtractor.yml.log,sv-benchmarks/java/argv/CoreNLP/src.edu.stanford.nlp.coref.neural/EmbeddingExtractor/Main.java
Emitter,74,8,0,0,1,1,0,1.93,0.81,unknown,1.55,0.69,unknown,results-verified/astr/logfiles/SV-COMP26_no-runtime-exception.Emitter.yml.log,results-verified/z3/logfiles/SV-COMP26_no-runtime-exception.Emitter.yml.log,sv-benchmarks/java/argv/jar-analyzer/src.main.java.com.github.rjeschke.txtmark/Emitter/Main.java
EmojiManager,132,14,0,19,3,1,0,2.11,0.88,true,1.77,0.74,unknown,results-verified/astr/logfiles/SV-COMP26_no-runtime-exception.EmojiManager.yml.log,results-verified/z3/logfiles/SV-COMP26_no-runtime-exception.EmojiManager.yml.log,sv-benchmarks/java/argv/emoji-java/src.main.java.com.vdurmont.emoji/EmojiManager/Main.java
EnableScoreboardIT,180,14,1,12036,6,0,0,2.2,0.94,unknown,27.6,13.62,OUT OF MEMORY,results-verified/astr/logfiles/SV-COMP26_no-runtime-exception.EnableScoreboardIT.yml.log,results-verified/z3/logfiles/SV-COMP26_no-runtime-exception.EnableScoreboardIT.yml.log,sv-benchmarks/java/argv/SecurityShepherd/src.it.java.servlets.admin.config/EnableScoreboardIT/Main.java
EntitiesToUnicode,40,2,1,23,2,1,0,1.74,0.75,unknown,1.72,0.72,unknown,results-verified/astr/logfiles/SV-COMP26_no-runtime-exception.EntitiesToUnicode.yml.log,results-verified/z3/logfiles/SV-COMP26_no-runtime-exception.EntitiesToUnicode.yml.log,sv-benchmarks/java/argv/OpenPDF/openpdf-core.src.main.java.org.openpdf.text.xml.simpleparser/EntitiesToUnicode/Main.java
EqlAdapter,257,28,0,18,3,1,0,2.2,1.03,true,1.75,0.75,unknown,results-verified/astr/logfiles/SV-COMP26_no-runtime-exception.EqlAdapter.yml.log,results-verified/z3/logfiles/SV-COMP26_no-runtime-exception.EqlAdapter.yml.log,sv-benchmarks/java/argv/ebean/ebean-core.src.main.java.io.ebeaninternal.server.grammer/EqlAdapter/Main.java
EscapeUtils,0,1,1,0,1,2,1,1.7,0.74,unknown,1.93,0.84,unknown,results-verified/astr/logfiles/SV-COMP26_no-runtime-exception.EscapeUtils.yml.log,results-verified/z3/logfiles/SV-COMP26_no-runtime-exception.EscapeUtils.yml.log,sv-benchmarks/java/argv/DevUtils/lib.DevApp.src.main.java.dev.utils.common.encrypt/EscapeUtils/Main.java
EscapeUtils_1,0,1,1,0,1,2,1,1.62,0.71,unknown,1.86,0.8,unknown,results-verified/astr/logfiles/SV-COMP26_no-runtime-exception.EscapeUtils_1.yml.log,results-verified/z3/logfiles/SV-COMP26_no-runtime-exception.EscapeUtils_1.yml.log,sv-benchmarks/java/argv/DevUtils/lib.DevJava.src.main.java.dev.utils.common.encrypt/EscapeUtils_1/Main.java
ExtendedScrollTable,40,2,0,0,1,1,0,1.85,0.77,false,1.73,0.75,unknown,results-verified/astr/logfiles/SV-COMP26_no-runtime-exception.ExtendedScrollTable.yml.log,results-verified/z3/logfiles/SV-COMP26_no-runtime-exception.ExtendedScrollTable.yml.log,sv-benchmarks/java/argv/document-management-system/src.main.java.com.openkm.frontend.client.widget.filebrowser/ExtendedScrollTable/Main.java
ExtensibilityTest,186,14,0,204,14,0,0,2.16,0.91,true,2.55,0.99,true,results-verified/astr/logfiles/SV-COMP26_no-runtime-exception.ExtensibilityTest.yml.log,results-verified/z3/logfiles/SV-COMP26_no-runtime-exception.ExtensibilityTest.yml.log,sv-benchmarks/java/argv/hippo4j/infra.common.src.test.java.cn.hippo4j.common.toolkit/ExtensibilityTest/Main.java
ExternalProcessOutputParser,53,2,0,16,2,0,0,1.79,0.77,false,1.84,0.77,false,results-verified/astr/logfiles/SV-COMP26_no-runtime-exception.ExternalProcessOutputParser.yml.log,results-verified/z3/logfiles/SV-COMP26_no-runtime-exception.ExternalProcessOutputParser.yml.log,sv-benchmarks/java/argv/Arduino/arduino-core.src.cc.arduino.i18n/ExternalProcessOutputParser/Main.java
ExtractIE,5684,8,0,0,1,1,0,8.32,6.64,true,2.31,0.89,unknown,results-verified/astr/logfiles/SV-COMP26_no-runtime-exception.ExtractIE.yml.log,results-verified/z3/logfiles/SV-COMP26_no-runtime-exception.ExtractIE.yml.log,sv-benchmarks/java/argv/autopsy/RecentActivity.src.org.sleuthkit.autopsy.recentactivity/ExtractIE/Main.java
ExtractorVerbalVBNZero,70,6,0,37,6,0,0,1.76,0.75,true,1.83,0.77,true,results-verified/astr/logfiles/SV-COMP26_no-runtime-exception.ExtractorVerbalVBNZero.yml.log,results-verified/z3/logfiles/SV-COMP26_no-runtime-exception.ExtractorVerbalVBNZero.yml.log,sv-benchmarks/java/argv/CoreNLP/src.edu.stanford.nlp.tagger.maxent/ExtractorVerbalVBNZero/Main.java
FFmpegParser,30,2,0,57,2,0,0,27.7,26.8,OUT OF MEMORY,1.86,0.78,true,results-verified/astr/logfiles/SV-COMP26_no-runtime-exception.FFmpegParser.yml.log,results-verified/z3/logfiles/SV-COMP26_no-runtime-exception.FFmpegParser.yml.log,sv-benchmarks/java/argv/BilibiliDown/src.nicelee.bilibili.parsers.impl/FFmpegParser/Main.java
FLVDownloader,68,5,0,37,3,1,0,1.87,0.8,false,1.9,0.84,unknown,results-verified/astr/logfiles/SV-COMP26_no-runtime-exception.FLVDownloader.yml.log,results-verified/z3/logfiles/SV-COMP26_no-runtime-exception.FLVDownloader.yml.log,sv-benchmarks/java/argv/BilibiliDown/src.nicelee.bilibili.downloaders.impl/FLVDownloader/Main.java
FSFunction,50,2,0,24,2,0,0,1.62,0.71,true,1.72,0.72,true,results-verified/astr/logfiles/SV-COMP26_no-runtime-exception.FSFunction.yml.log,results-verified/z3/logfiles/SV-COMP26_no-runtime-exception.FSFunction.yml.log,sv-benchmarks/java/argv/OpenPDF/openpdf-html.src.main.java.org.openpdf.css.parser/FSFunction/Main.java
FeedUtils,40,2,1,30,2,1,0,2.35,0.9,unknown,2.39,0.91,unknown,results-verified/astr/logfiles/SV-COMP26_no-runtime-exception.FeedUtils.yml.log,results-verified/z3/logfiles/SV-COMP26_no-runtime-exception.FeedUtils.yml.log,sv-benchmarks/java/argv/libretorrent/app.src.main.java.com.ernieyu.feedparser/FeedUtils/Main.java
FieldMetadata,25,1,1,17,1,1,0,1.57,0.68,unknown,1.65,0.72,unknown,results-verified/astr/logfiles/SV-COMP26_no-runtime-exception.FieldMetadata.yml.log,results-verified/z3/logfiles/SV-COMP26_no-runtime-exception.FieldMetadata.yml.log,sv-benchmarks/java/argv/brooklin/datastream-common.src.main.java.com.linkedin.datastream.avrogenerator/FieldMetadata/Main.java
FileLogger,282,29,0,0,1,1,1,2.72,1.21,unknown,2.46,0.95,unknown,results-verified/astr/logfiles/SV-COMP26_no-runtime-exception.FileLogger.yml.log,results-verified/z3/logfiles/SV-COMP26_no-runtime-exception.FileLogger.yml.log,sv-benchmarks/java/argv/document-management-system/src.main.java.com.openkm.util/FileLogger/Main.java
FileUtils,40,2,0,28,2,0,5,1.77,0.74,false,1.89,0.78,false,results-verified/astr/logfiles/SV-COMP26_no-runtime-exception.FileUtils.yml.log,results-verified/z3/logfiles/SV-COMP26_no-runtime-exception.FileUtils.yml.log,sv-benchmarks/java/argv/Sermant/sermant-agentcore.sermant-agentcore-core.src.main.java.io.sermant.core.utils/FileUtils/Main.java
FileUtils,40,2,0,28,2,0,5,1.77,0.74,false,1.88,0.86,unknown,results-verified/astr/logfiles/SV-COMP26_no-runtime-exception.FileUtils.yml.log,results-verified/z3/logfiles/SV-COMP26_no-runtime-exception.FileUtils.yml.log,sv-benchmarks/java/argv/Sermant/sermant-agentcore.sermant-agentcore-core.src.main.java.io.sermant.core.utils/FileUtils/Main.java
FileUtils,40,2,0,28,2,0,5,3.56,2.31,unknown,1.89,0.78,false,results-verified/astr/logfiles/SV-COMP26_no-runtime-exception.FileUtils.yml.log,results-verified/z3/logfiles/SV-COMP26_no-runtime-exception.FileUtils.yml.log,sv-benchmarks/java/argv/Sermant/sermant-agentcore.sermant-agentcore-core.src.main.java.io.sermant.core.utils/FileUtils/Main.java
FileUtils,40,2,0,28,2,0,5,3.56,2.31,unknown,1.88,0.86,unknown,results-verified/astr/logfiles/SV-COMP26_no-runtime-exception.FileUtils.yml.log,results-verified/z3/logfiles/SV-COMP26_no-runtime-exception.FileUtils.yml.log,sv-benchmarks/java/argv/Sermant/sermant-agentcore.sermant-agentcore-core.src.main.java.io.sermant.core.utils/FileUtils/Main.java
Firefox,56561,95,0,0,1,1,0,60.58,58.74,TIMEOUT,2.12,0.83,unknown,results-verified/astr/logfiles/SV-COMP26_no-runtime-exception.Firefox.yml.log,results-verified/z3/logfiles/SV-COMP26_no-runtime-exception.Firefox.yml.log,sv-benchmarks/java/argv/autopsy/RecentActivity.src.org.sleuthkit.autopsy.recentactivity/Firefox/Main.java
FlowClassUtils,0,1,1,0,1,1,0,1.71,0.73,unknown,1.66,0.72,unknown,results-verified/astr/logfiles/SV-COMP26_no-runtime-exception.FlowClassUtils.yml.log,results-verified/z3/logfiles/SV-COMP26_no-runtime-exception.FlowClassUtils.yml.log,sv-benchmarks/java/argv/compileflow/compileflow-core.src.main.java.com.alibaba.compileflow.engine.core.builder.generator.util/FlowClassUtils/Main.java
FolderTree,45,4,1,18,2,1,1,1.66,0.71,unknown,1.78,0.73,unknown,results-verified/astr/logfiles/SV-COMP26_no-runtime-exception.FolderTree.yml.log,results-verified/z3/logfiles/SV-COMP26_no-runtime-exception.FolderTree.yml.log,sv-benchmarks/java/argv/document-management-system/src.main.java.com.openkm.frontend.client.widget.foldertree/FolderTree/Main.java
FontUtil,271,5,1,114,4,1,0,2.2,1.04,unknown,2.1,0.85,unknown,results-verified/astr/logfiles/SV-COMP26_no-runtime-exception.FontUtil.yml.log,results-verified/z3/logfiles/SV-COMP26_no-runtime-exception.FontUtil.yml.log,sv-benchmarks/java/argv/OpenPDF/openpdf-html.src.main.java.org.openpdf.util/FontUtil/Main.java
FreeMarkerScriptEngineFactory,85,7,0,254,7,0,0,1.88,0.78,false,2.58,1.01,false,results-verified/astr/logfiles/SV-COMP26_no-runtime-exception.FreeMarkerScriptEngineFactory.yml.log,results-verified/z3/logfiles/SV-COMP26_no-runtime-exception.FreeMarkerScriptEngineFactory.yml.log,sv-benchmarks/java/argv/camunda-bpm-platform/freemarker-template-engine.src.main.java.org.camunda.templateengines/FreeMarkerScriptEngineFactory/Main.java
GeneralClusterLogic,62,4,0,25,3,1,0,1.63,0.74,true,1.66,0.71,unknown,results-verified/astr/logfiles/SV-COMP26_no-runtime-exception.GeneralClusterLogic.yml.log,results-verified/z3/logfiles/SV-COMP26_no-runtime-exception.GeneralClusterLogic.yml.log,sv-benchmarks/java/argv/dble/src.main.java.com.actiontech.dble.cluster.logic/GeneralClusterLogic/Main.java
GenericType,23,2,0,0,1,1,1,1.75,0.71,unknown,1.76,0.74,unknown,results-verified/astr/logfiles/SV-COMP26_no-runtime-exception.GenericType.yml.log,results-verified/z3/logfiles/SV-COMP26_no-runtime-exception.GenericType.yml.log,sv-benchmarks/java/argv/jar-analyzer/src.main.java.org.jetbrains.java.decompiler.struct.gen.generics/GenericType/Main.java
GoogleCloudExtensionModule,36,2,0,28,2,0,0,1.61,0.71,false,1.73,0.74,false,results-verified/astr/logfiles/SV-COMP26_no-runtime-exception.GoogleCloudExtensionModule.yml.log,results-verified/z3/logfiles/SV-COMP26_no-runtime-exception.GoogleCloudExtensionModule.yml.log,sv-benchmarks/java/argv/data-transfer-project/extensions.cloud.portability-cloud-google.src.main.java.org.datatransferproject.cloud.google/GoogleCloudExtensionModule/Main.java
GraphqlController,80,8,0,0,1,1,0,1.73,0.75,true,1.73,0.75,unknown,results-verified/astr/logfiles/SV-COMP26_no-runtime-exception.GraphqlController.yml.log,results-verified/z3/logfiles/SV-COMP26_no-runtime-exception.GraphqlController.yml.log,sv-benchmarks/java/argv/elide/elide-spring.elide-spring-boot-autoconfigure.src.main.java.com.yahoo.elide.spring.controllers/GraphqlController/Main.java
GrayscaleRocketmqTest,328,34,0,29,3,1,0,2.86,1.23,true,2.15,0.86,unknown,results-verified/astr/logfiles/SV-COMP26_no-runtime-exception.GrayscaleRocketmqTest.yml.log,results-verified/z3/logfiles/SV-COMP26_no-runtime-exception.GrayscaleRocketmqTest.yml.log,sv-benchmarks/java/argv/Sermant/sermant-integration-tests.mq-grayscale-rocketmq-test.grayscale-rocketmq-integration-test.src.test.java.io.sermant.demo.grayscale.rocketmq.integration/GrayscaleRocketmqTest/Main.java
HTMLEditorUtils,221,24,0,302,24,0,0,1.9,0.88,true,2.9,1.07,true,results-verified/astr/logfiles/SV-COMP26_no-runtime-exception.HTMLEditorUtils.yml.log,results-verified/z3/logfiles/SV-COMP26_no-runtime-exception.HTMLEditorUtils.yml.log,sv-benchmarks/java/argv/document-management-system/src.main.java.com.openkm.extension.frontend.client.widget.htmleditor/HTMLEditorUtils/Main.java
HTMLParser,43,4,1,0,1,1,1,1.67,0.72,unknown,1.71,0.72,unknown,results-verified/astr/logfiles/SV-COMP26_no-runtime-exception.HTMLParser.yml.log,results-verified/z3/logfiles/SV-COMP26_no-runtime-exception.HTMLParser.yml.log,sv-benchmarks/java/argv/document-management-system/src.main.java.com.openkm.extractor/HTMLParser/Main.java
HintMasterDBHandler,25,1,1,20,1,1,0,1.55,0.66,unknown,1.66,0.72,unknown,results-verified/astr/logfiles/SV-COMP26_no-runtime-exception.HintMasterDBHandler.yml.log,results-verified/z3/logfiles/SV-COMP26_no-runtime-exception.HintMasterDBHandler.yml.log,sv-benchmarks/java/argv/dble/src.main.java.com.actiontech.dble.route.handler/HintMasterDBHandler/Main.java
HiveSqlDialect,135,10,0,544,4,1,0,1.82,0.8,true,3.06,1.27,unknown,results-verified/astr/logfiles/SV-COMP26_no-runtime-exception.HiveSqlDialect.yml.log,results-verified/z3/logfiles/SV-COMP26_no-runtime-exception.HiveSqlDialect.yml.log,sv-benchmarks/java/argv/datavines/datavines-engine.datavines-engine-plugins.datavines-engine-spark.datavines-engine-spark-api.src.main.java.io.datavines.engine.spark.api.dialect/HiveSqlDialect/Main.java
HostFragmentManualConfiguration,31,2,0,0,1,1,0,1.72,0.75,unknown,1.78,0.76,unknown,results-verified/astr/logfiles/SV-COMP26_no-runtime-exception.HostFragmentManualConfiguration.yml.log,results-verified/z3/logfiles/SV-COMP26_no-runtime-exception.HostFragmentManualConfiguration.yml.log,sv-benchmarks/java/argv/Kore/app.src.main.java.org.xbmc.kore.ui.sections.hosts/HostFragmentManualConfiguration/Main.java
HtmlEncoder,0,1,1,0,1,2,1,1.65,0.7,unknown,1.8,0.75,unknown,results-verified/astr/logfiles/SV-COMP26_no-runtime-exception.HtmlEncoder.yml.log,results-verified/z3/logfiles/SV-COMP26_no-runtime-exception.HtmlEncoder.yml.log,sv-benchmarks/java/argv/OpenPDF/openpdf-core.src.main.java.org.openpdf.text.html/HtmlEncoder/Main.java
HtpasswdFileUserAuthenticator,98,5,0,86,5,0,1,1.83,0.79,unknown,2.11,0.84,unknown,results-verified/astr/logfiles/SV-COMP26_no-runtime-exception.HtpasswdFileUserAuthenticator.yml.log,results-verified/z3/logfiles/SV-COMP26_no-runtime-exception.HtpasswdFileUserAuthenticator.yml.log,sv-benchmarks/java/argv/drill/exec.java-exec.src.main.java.org.apache.drill.exec.rpc.user.security/HtpasswdFileUserAuthenticator/Main.java
HttpGetFileTask,0,1,1,0,1,1,0,1.66,0.72,unknown,1.79,0.75,unknown,results-verified/astr/logfiles/SV-COMP26_no-runtime-exception.HttpGetFileTask.yml.log,results-verified/z3/logfiles/SV-COMP26_no-runtime-exception.HttpGetFileTask.yml.log,sv-benchmarks/java/argv/Nullgram/TMessagesProj.src.main.java.org.telegram.ui.web/HttpGetFileTask/Main.java
HttpRequest,91,10,1,0,1,1,0,1.76,0.8,unknown,1.79,0.73,unknown,results-verified/astr/logfiles/SV-COMP26_no-runtime-exception.HttpRequest.yml.log,results-verified/z3/logfiles/SV-COMP26_no-runtime-exception.HttpRequest.yml.log,sv-benchmarks/java/argv/http-kit/src.java.org.httpkit.server/HttpRequest/Main.java
HttpRouter,55,4,0,29,4,0,5,1.71,0.72,false,1.68,0.71,false,results-verified/astr/logfiles/SV-COMP26_no-runtime-exception.HttpRouter.yml.log,results-verified/z3/logfiles/SV-COMP26_no-runtime-exception.HttpRouter.yml.log,sv-benchmarks/java/argv/Sermant/sermant-agentcore.sermant-agentcore-implement.src.main.java.io.sermant.implement.service.httpserver.common/HttpRouter/Main.java
HttpServerHandler,73,6,0,18,3,1,0,1.71,0.74,true,1.59,0.7,unknown,results-verified/astr/logfiles/SV-COMP26_no-runtime-exception.HttpServerHandler.yml.log,results-verified/z3/logfiles/SV-COMP26_no-runtime-exception.HttpServerHandler.yml.log,sv-benchmarks/java/argv/glowroot/ui.src.main.java.org.glowroot.ui/HttpServerHandler/Main.java
HttpdUtils,26,1,1,22,1,1,0,1.54,0.7,unknown,1.69,0.74,unknown,results-verified/astr/logfiles/SV-COMP26_no-runtime-exception.HttpdUtils.yml.log,results-verified/z3/logfiles/SV-COMP26_no-runtime-exception.HttpdUtils.yml.log,sv-benchmarks/java/argv/drill/contrib.format-httpd.src.main.java.org.apache.drill.exec.store.httpd/HttpdUtils/Main.java
HyphenationTree,0,1,0,0,1,0,1,1.71,0.74,unknown,1.79,0.75,unknown,results-verified/astr/logfiles/SV-COMP26_no-runtime-exception.HyphenationTree.yml.log,results-verified/z3/logfiles/SV-COMP26_no-runtime-exception.HyphenationTree.yml.log,sv-benchmarks/java/argv/OpenPDF/openpdf-core.src.main.java.org.openpdf.text.pdf.hyphenation/HyphenationTree/Main.java
IdentifiersRegister,25,1,0,18,1,0,0,1.6,0.69,unknown,1.67,0.7,unknown,results-verified/astr/logfiles/SV-COMP26_no-runtime-exception.IdentifiersRegister.yml.log,results-verified/z3/logfiles/SV-COMP26_no-runtime-exception.IdentifiersRegister.yml.log,sv-benchmarks/java/argv/java/structurizr-dsl.src.main.java.com.structurizr.dsl/IdentifiersRegister/Main.java
ImageHelper,0,1,0,180,2,1,0,60.42,59.74,TIMEOUT,2.61,1.0,unknown,results-verified/astr/logfiles/SV-COMP26_no-runtime-exception.ImageHelper.yml.log,results-verified/z3/logfiles/SV-COMP26_no-runtime-exception.ImageHelper.yml.log,sv-benchmarks/java/argv/diboot/diboot-file-starter.src.main.java.com.diboot.file.util/ImageHelper/Main.java
ImageKit,44,2,0,22,2,0,5,2.19,0.84,false,2.22,0.87,false,results-verified/astr/logfiles/SV-COMP26_no-runtime-exception.ImageKit.yml.log,results-verified/z3/logfiles/SV-COMP26_no-runtime-exception.ImageKit.yml.log,sv-benchmarks/java/argv/jfinal/src.main.java.com.jfinal.kit/ImageKit/Main.java
ImageMapUtils,218,25,1,0,1,1,1,2.0,0.95,unknown,1.74,0.74,unknown,results-verified/astr/logfiles/SV-COMP26_no-runtime-exception.ImageMapUtils.yml.log,results-verified/z3/logfiles/SV-COMP26_no-runtime-exception.ImageMapUtils.yml.log,sv-benchmarks/java/argv/jfreechart/src.main.java.org.jfree.chart.imagemap/ImageMapUtils/Main.java
ImageName,33,1,0,30,1,0,0,1.62,0.71,unknown,1.83,0.74,unknown,results-verified/astr/logfiles/SV-COMP26_no-runtime-exception.ImageName.yml.log,results-verified/z3/logfiles/SV-COMP26_no-runtime-exception.ImageName.yml.log,sv-benchmarks/java/argv/docker-maven-plugin/src.main.java.io.fabric8.maven.docker.util/ImageName/Main.java
ImpersonationUtil,26,1,0,23,1,0,1,1.53,0.68,unknown,1.75,0.72,unknown,results-verified/astr/logfiles/SV-COMP26_no-runtime-exception.ImpersonationUtil.yml.log,results-verified/z3/logfiles/SV-COMP26_no-runtime-exception.ImpersonationUtil.yml.log,sv-benchmarks/java/argv/drill/exec.java-exec.src.main.java.org.apache.drill.exec.util/ImpersonationUtil/Main.java
Include,24,2,1,16,2,1,0,1.59,0.66,unknown,1.55,0.69,unknown,results-verified/astr/logfiles/SV-COMP26_no-runtime-exception.Include.yml.log,results-verified/z3/logfiles/SV-COMP26_no-runtime-exception.Include.yml.log,sv-benchmarks/java/argv/jfinal/src.main.java.com.jfinal.template.stat.ast/Include/Main.java
InetAddresses,233,26,1,0,1,1,1,2.0,0.99,unknown,1.89,0.79,unknown,results-verified/astr/logfiles/SV-COMP26_no-runtime-exception.InetAddresses.yml.log,results-verified/z3/logfiles/SV-COMP26_no-runtime-exception.InetAddresses.yml.log,sv-benchmarks/java/argv/jersey/core-common.src.main.java.org.glassfish.jersey.internal.guava/InetAddresses/Main.java
Info,63,5,1,24,3,1,0,1.59,0.7,unknown,1.78,0.75,unknown,results-verified/astr/logfiles/SV-COMP26_no-runtime-exception.Info.yml.log,results-verified/z3/logfiles/SV-COMP26_no-runtime-exception.Info.yml.log,sv-benchmarks/java/argv/CatVodSpider/app.src.main.java.com.github.catvod.js.bean/Info/Main.java
InfoObj,39,2,0,0,1,1,0,1.62,0.69,false,1.54,0.67,unknown,results-verified/astr/logfiles/SV-COMP26_no-runtime-exception.InfoObj.yml.log,results-verified/z3/logfiles/SV-COMP26_no-runtime-exception.InfoObj.yml.log,sv-benchmarks/java/argv/jar-analyzer/src.main.java.me.n1ar4.shell.analyzer.model/InfoObj/Main.java
InlineBox,32412,3675,0,0,1,1,0,45.75,41.72,true,1.78,0.76,unknown,results-verified/astr/logfiles/SV-COMP26_no-runtime-exception.InlineBox.yml.log,results-verified/z3/logfiles/SV-COMP26_no-runtime-exception.InlineBox.yml.log,sv-benchmarks/java/argv/OpenPDF/openpdf-html.src.main.java.org.openpdf.render/InlineBox/Main.java
InsnText,0,1,1,0,1,1,0,1.63,0.73,unknown,1.61,0.69,unknown,results-verified/astr/logfiles/SV-COMP26_no-runtime-exception.InsnText.yml.log,results-verified/z3/logfiles/SV-COMP26_no-runtime-exception.InsnText.yml.log,sv-benchmarks/java/argv/jar-analyzer/src.main.java.me.n1ar4.jar.analyzer.analyze.cfg/InsnText/Main.java
ItemFuncGetFormat,344,36,0,168,36,0,0,2.25,1.04,true,2.67,1.06,true,results-verified/astr/logfiles/SV-COMP26_no-runtime-exception.ItemFuncGetFormat.yml.log,results-verified/z3/logfiles/SV-COMP26_no-runtime-exception.ItemFuncGetFormat.yml.log,sv-benchmarks/java/argv/dble/src.main.java.com.actiontech.dble.plan.common.item.function.timefunc/ItemFuncGetFormat/Main.java
ItemFuncUnhex,0,1,1,0,1,1,0,2.03,1.06,unknown,1.97,1.05,unknown,results-verified/astr/logfiles/SV-COMP26_no-runtime-exception.ItemFuncUnhex.yml.log,results-verified/z3/logfiles/SV-COMP26_no-runtime-exception.ItemFuncUnhex.yml.log,sv-benchmarks/java/argv/dble/src.main.java.com.actiontech.dble.plan.common.item.function.strfunc/ItemFuncUnhex/Main.java
Items,24937,862,0,24044,1102,0,0,28.04,26.07,true,42.33,26.1,true,results-verified/astr/logfiles/SV-COMP26_no-runtime-exception.Items.yml.log,results-verified/z3/logfiles/SV-COMP26_no-runtime-exception.Items.yml.log,sv-benchmarks/java/argv/EnchantmentCracker/src.enchcracker/Items/Main.java
Jable,48,2,0,0,1,1,0,2.07,0.79,false,2.13,0.84,unknown,results-verified/astr/logfiles/SV-COMP26_no-runtime-exception.Jable.yml.log,results-verified/z3/logfiles/SV-COMP26_no-runtime-exception.Jable.yml.log,sv-benchmarks/java/argv/CatVodSpider/app.src.main.java.com.github.catvod.spider/Jable/Main.java
JarUtil,0,1,0,0,1,1,1,60.44,59.6,TIMEOUT,2.36,0.94,unknown,results-verified/astr/logfiles/SV-COMP26_no-runtime-exception.JarUtil.yml.log,results-verified/z3/logfiles/SV-COMP26_no-runtime-exception.JarUtil.yml.log,sv-benchmarks/java/argv/jar-analyzer/src.main.java.me.n1ar4.jar.analyzer.utils/JarUtil/Main.java
JavaScanner,89,8,0,16,2,1,0,1.84,0.8,true,1.74,0.74,unknown,results-verified/astr/logfiles/SV-COMP26_no-runtime-exception.JavaScanner.yml.log,results-verified/z3/logfiles/SV-COMP26_no-runtime-exception.JavaScanner.yml.log,sv-benchmarks/java/argv/Thanox/android.annotation_processors.xposed_hook_compiler.src.main.java.github.tornaco.permission.compiler/JavaScanner/Main.java
JavaTemplateDateFormatFactory,0,1,1,0,1,2,1,1.69,0.73,unknown,1.67,0.69,unknown,results-verified/astr/logfiles/SV-COMP26_no-runtime-exception.JavaTemplateDateFormatFactory.yml.log,results-verified/z3/logfiles/SV-COMP26_no-runtime-exception.JavaTemplateDateFormatFactory.yml.log,sv-benchmarks/java/argv/freemarker/freemarker-core.src.main.java.freemarker.core/JavaTemplateDateFormatFactory/Main.java
JavaWebClassVisitor,36,2,0,272,6,0,0,1.6,0.71,true,2.56,0.99,true,results-verified/astr/logfiles/SV-COMP26_no-runtime-exception.JavaWebClassVisitor.yml.log,results-verified/z3/logfiles/SV-COMP26_no-runtime-exception.JavaWebClassVisitor.yml.log,sv-benchmarks/java/argv/jar-analyzer/src.main.java.me.n1ar4.jar.analyzer.core.asm/JavaWebClassVisitor/Main.java
Jianpian,61,4,0,54,4,0,1,1.87,0.75,unknown,2.11,0.84,unknown,results-verified/astr/logfiles/SV-COMP26_no-runtime-exception.Jianpian.yml.log,results-verified/z3/logfiles/SV-COMP26_no-runtime-exception.Jianpian.yml.log,sv-benchmarks/java/argv/CatVodSpider/app.src.main.java.com.github.catvod.spider/Jianpian/Main.java
JpqlFunctionUtil,33,4,1,42,7,0,1,1.76,0.75,unknown,1.84,0.8,unknown,results-verified/astr/logfiles/SV-COMP26_no-runtime-exception.JpqlFunctionUtil.yml.log,results-verified/z3/logfiles/SV-COMP26_no-runtime-exception.JpqlFunctionUtil.yml.log,sv-benchmarks/java/argv/blaze-persistence/core.impl.src.main.java.com.blazebit.persistence.impl.util/JpqlFunctionUtil/Main.java
JsonApiController,76,8,0,0,1,1,0,1.77,0.76,true,1.66,0.71,unknown,results-verified/astr/logfiles/SV-COMP26_no-runtime-exception.JsonApiController.yml.log,results-verified/z3/logfiles/SV-COMP26_no-runtime-exception.JsonApiController.yml.log,sv-benchmarks/java/argv/elide/elide-spring.elide-spring-boot-autoconfigure.src.main.java.com.yahoo.elide.spring.controllers/JsonApiController/Main.java
KBPAnnotatorBenchmark,150,14,0,349,14,0,0,1.95,0.82,true,3.08,1.19,true,results-verified/astr/logfiles/SV-COMP26_no-runtime-exception.KBPAnnotatorBenchmark.yml.log,results-verified/z3/logfiles/SV-COMP26_no-runtime-exception.KBPAnnotatorBenchmark.yml.log,sv-benchmarks/java/argv/CoreNLP/itest.src.edu.stanford.nlp.pipeline/KBPAnnotatorBenchmark/Main.java
KeycloakExportProvider,47,2,0,74,2,0,0,1.64,0.72,true,2.0,0.83,true,results-verified/astr/logfiles/SV-COMP26_no-runtime-exception.KeycloakExportProvider.yml.log,results-verified/z3/logfiles/SV-COMP26_no-runtime-exception.KeycloakExportProvider.yml.log,sv-benchmarks/java/argv/keycloak-config-cli/src.main.java.de.adorsys.keycloak.config.provider/KeycloakExportProvider/Main.java
KeycloakImportProvider,47,2,0,81,2,0,0,1.66,0.71,true,1.9,0.81,true,results-verified/astr/logfiles/SV-COMP26_no-runtime-exception.KeycloakImportProvider.yml.log,results-verified/z3/logfiles/SV-COMP26_no-runtime-exception.KeycloakImportProvider.yml.log,sv-benchmarks/java/argv/keycloak-config-cli/src.main.java.de.adorsys.keycloak.config.provider/KeycloakImportProvider/Main.java
KeywordSearchUtil,0,1,1,0,1,1,1,1.76,0.73,unknown,1.71,0.73,unknown,results-verified/astr/logfiles/SV-COMP26_no-runtime-exception.KeywordSearchUtil.yml.log,results-verified/z3/logfiles/SV-COMP26_no-runtime-exception.KeywordSearchUtil.yml.log,sv-benchmarks/java/argv/autopsy/KeywordSearch.src.org.sleuthkit.autopsy.keywordsearch/KeywordSearchUtil/Main.java
LevenshteinDistance,725,59,1,0,1,0,1,3.09,1.71,unknown,1.66,0.75,unknown,results-verified/astr/logfiles/SV-COMP26_no-runtime-exception.LevenshteinDistance.yml.log,results-verified/z3/logfiles/SV-COMP26_no-runtime-exception.LevenshteinDistance.yml.log,sv-benchmarks/java/argv/elki/elki-core-distance.src.main.java.elki.distance.strings/LevenshteinDistance/Main.java
LightCache,62,6,0,0,1,1,0,1.84,0.79,true,1.64,0.72,unknown,results-verified/astr/logfiles/SV-COMP26_no-runtime-exception.LightCache.yml.log,results-verified/z3/logfiles/SV-COMP26_no-runtime-exception.LightCache.yml.log,sv-benchmarks/java/argv/light-novel-library_Wenku8_Android/eclipse-android-old.LightNovelLibrary.src.org.mewx.lightnovellibrary.util/LightCache/Main.java
LightCache_1,82,6,0,0,1,1,0,2.04,0.84,true,1.7,0.72,unknown,results-verified/astr/logfiles/SV-COMP26_no-runtime-exception.LightCache_1.yml.log,results-verified/z3/logfiles/SV-COMP26_no-runtime-exception.LightCache_1.yml.log,sv-benchmarks/java/argv/light-novel-library_Wenku8_Android/eclipse-android.src.org.mewx.lightnovellibrary.util/LightCache_1/Main.java
LinkPreview,73,8,0,0,1,1,0,1.93,0.85,unknown,1.84,0.79,unknown,results-verified/astr/logfiles/SV-COMP26_no-runtime-exception.LinkPreview.yml.log,results-verified/z3/logfiles/SV-COMP26_no-runtime-exception.LinkPreview.yml.log,sv-benchmarks/java/argv/Nullgram/TMessagesProj.src.main.java.org.telegram.ui.Components.Paint.Views/LinkPreview/Main.java
Location,81,6,1,32,2,1,0,1.75,0.76,unknown,1.81,0.77,unknown,results-verified/astr/logfiles/SV-COMP26_no-runtime-exception.Location.yml.log,results-verified/z3/logfiles/SV-COMP26_no-runtime-exception.Location.yml.log,sv-benchmarks/java/argv/document-management-system/src.main.java.com.openkm.frontend.client.util/Location/Main.java
Location,81,6,1,32,2,1,0,1.75,0.76,unknown,1.64,0.71,unknown,results-verified/astr/logfiles/SV-COMP26_no-runtime-exception.Location.yml.log,results-verified/z3/logfiles/SV-COMP26_no-runtime-exception.Location.yml.log,sv-benchmarks/java/argv/document-management-system/src.main.java.com.openkm.frontend.client.util/Location/Main.java
Location,81,6,1,32,2,1,0,2.41,1.3,unknown,1.81,0.77,unknown,results-verified/astr/logfiles/SV-COMP26_no-runtime-exception.Location.yml.log,results-verified/z3/logfiles/SV-COMP26_no-runtime-exception.Location.yml.log,sv-benchmarks/java/argv/document-management-system/src.main.java.com.openkm.frontend.client.util/Location/Main.java
Location,81,6,1,32,2,1,0,2.41,1.3,unknown,1.64,0.71,unknown,results-verified/astr/logfiles/SV-COMP26_no-runtime-exception.Location.yml.log,results-verified/z3/logfiles/SV-COMP26_no-runtime-exception.Location.yml.log,sv-benchmarks/java/argv/document-management-system/src.main.java.com.openkm.frontend.client.util/Location/Main.java
LuceneSearchResult,104,10,0,41,3,1,0,1.78,0.8,true,1.73,0.73,unknown,results-verified/astr/logfiles/SV-COMP26_no-runtime-exception.LuceneSearchResult.yml.log,results-verified/z3/logfiles/SV-COMP26_no-runtime-exception.LuceneSearchResult.yml.log,sv-benchmarks/java/argv/jar-analyzer/src.main.java.me.n1ar4.jar.analyzer.entity/LuceneSearchResult/Main.java
M4SDownloader,40,2,1,31,2,1,0,1.71,0.74,unknown,1.77,0.75,unknown,results-verified/astr/logfiles/SV-COMP26_no-runtime-exception.M4SDownloader.yml.log,results-verified/z3/logfiles/SV-COMP26_no-runtime-exception.M4SDownloader.yml.log,sv-benchmarks/java/argv/BilibiliDown/src.nicelee.bilibili.downloaders.impl/M4SDownloader/Main.java
MWTAnnotator,37,2,0,17,2,0,5,1.65,0.72,false,1.89,0.8,false,results-verified/astr/logfiles/SV-COMP26_no-runtime-exception.MWTAnnotator.yml.log,results-verified/z3/logfiles/SV-COMP26_no-runtime-exception.MWTAnnotator.yml.log,sv-benchmarks/java/argv/CoreNLP/src.edu.stanford.nlp.pipeline/MWTAnnotator/Main.java
Main,120,7,1,34,4,1,0,2.25,0.9,unknown,2.13,0.86,unknown,results-verified/astr/logfiles/SV-COMP26_no-runtime-exception.Main.yml.log,results-verified/z3/logfiles/SV-COMP26_no-runtime-exception.Main.yml.log,sv-benchmarks/java/argv/Thanox/android.android_framework.dex-maker.src.main.java.com.android.dx.command.dump/Main/Main.java
Main,120,7,1,34,4,1,0,2.25,0.9,unknown,1.43,0.66,unknown,results-verified/astr/logfiles/SV-COMP26_no-runtime-exception.Main.yml.log,results-verified/z3/logfiles/SV-COMP26_no-runtime-exception.Main.yml.log,sv-benchmarks/java/argv/Thanox/android.android_framework.dex-maker.src.main.java.com.android.dx.command.dump/Main/Main.java
Main,120,7,1,34,4,1,0,4.85,7.31,unknown,2.13,0.86,unknown,results-verified/astr/logfiles/SV-COMP26_no-runtime-exception.Main.yml.log,results-verified/z3/logfiles/SV-COMP26_no-runtime-exception.Main.yml.log,sv-benchmarks/java/argv/Thanox/android.android_framework.dex-maker.src.main.java.com.android.dx.command.dump/Main/Main.java
Main,120,7,1,34,4,1,0,4.85,7.31,unknown,1.43,0.66,unknown,results-verified/astr/logfiles/SV-COMP26_no-runtime-exception.Main.yml.log,results-verified/z3/logfiles/SV-COMP26_no-runtime-exception.Main.yml.log,sv-benchmarks/java/argv/Thanox/android.android_framework.dex-maker.src.main.java.com.android.dx.command.dump/Main/Main.java
ManagerParse,0,1,1,0,1,1,0,2.08,0.84,unknown,2.08,0.84,unknown,results-verified/astr/logfiles/SV-COMP26_no-runtime-exception.ManagerParse.yml.log,results-verified/z3/logfiles/SV-COMP26_no-runtime-exception.ManagerParse.yml.log,sv-benchmarks/java/argv/dble/src.main.java.com.actiontech.dble.route.parser/ManagerParse/Main.java
ManagerParseCheck,41610,2160,0,0,1,1,0,60.79,56.71,TIMEOUT,1.79,0.79,unknown,results-verified/astr/logfiles/SV-COMP26_no-runtime-exception.ManagerParseCheck.yml.log,results-verified/z3/logfiles/SV-COMP26_no-runtime-exception.ManagerParseCheck.yml.log,sv-benchmarks/java/argv/dble/src.main.java.com.actiontech.dble.route.parser/ManagerParseCheck/Main.java
ManagerParseClear,41223,2341,0,0,1,1,0,60.78,56.92,TIMEOUT,1.62,0.73,unknown,results-verified/astr/logfiles/SV-COMP26_no-runtime-exception.ManagerParseClear.yml.log,results-verified/z3/logfiles/SV-COMP26_no-runtime-exception.ManagerParseClear.yml.log,sv-benchmarks/java/argv/dble/src.main.java.com.actiontech.dble.route.parser/ManagerParseClear/Main.java
ManagerParseConfig,40227,2770,0,0,1,1,0,60.84,57.22,TIMEOUT,1.66,0.76,unknown,results-verified/astr/logfiles/SV-COMP26_no-runtime-exception.ManagerParseConfig.yml.log,results-verified/z3/logfiles/SV-COMP26_no-runtime-exception.ManagerParseConfig.yml.log,sv-benchmarks/java/argv/dble/src.main.java.com.actiontech.dble.route.parser/ManagerParseConfig/Main.java
ManagerParseHeartbeat,50490,1721,0,0,1,1,0,60.72,57.44,TIMEOUT,1.64,0.72,unknown,results-verified/astr/logfiles/SV-COMP26_no-runtime-exception.ManagerParseHeartbeat.yml.log,results-verified/z3/logfiles/SV-COMP26_no-runtime-exception.ManagerParseHeartbeat.yml.log,sv-benchmarks/java/argv/dble/src.main.java.com.actiontech.dble.route.parser/ManagerParseHeartbeat/Main.java
ManagerParseOnOff,45797,1153,0,0,1,1,0,60.62,57.5,TIMEOUT,1.63,0.72,unknown,results-verified/astr/logfiles/SV-COMP26_no-runtime-exception.ManagerParseOnOff.yml.log,results-verified/z3/logfiles/SV-COMP26_no-runtime-exception.ManagerParseOnOff.yml.log,sv-benchmarks/java/argv/dble/src.main.java.com.actiontech.dble.route.parser/ManagerParseOnOff/Main.java
ManagerParseReload,7600,416,1,0,1,1,0,13.55,11.09,unknown,2.01,0.82,unknown,results-verified/astr/logfiles/SV-COMP26_no-runtime-exception.ManagerParseReload.yml.log,results-verified/z3/logfiles/SV-COMP26_no-runtime-exception.ManagerParseReload.yml.log,sv-benchmarks/java/argv/dble/src.main.java.com.actiontech.dble.route.parser/ManagerParseReload/Main.java
ManagerParseRollback,42915,2567,0,0,1,1,0,60.7,57.44,TIMEOUT,1.56,0.69,unknown,results-verified/astr/logfiles/SV-COMP26_no-runtime-exception.ManagerParseRollback.yml.log,results-verified/z3/logfiles/SV-COMP26_no-runtime-exception.ManagerParseRollback.yml.log,sv-benchmarks/java/argv/dble/src.main.java.com.actiontech.dble.route.parser/ManagerParseRollback/Main.java
ManagerParseShow,24780,980,1,0,1,1,0,34.96,31.45,unknown,2.42,0.93,unknown,results-verified/astr/logfiles/SV-COMP26_no-runtime-exception.ManagerParseShow.yml.log,results-verified/z3/logfiles/SV-COMP26_no-runtime-exception.ManagerParseShow.yml.log,sv-benchmarks/java/argv/dble/src.main.java.com.actiontech.dble.route.parser/ManagerParseShow/Main.java
ManagerParseStop,3568,182,0,0,1,1,0,60.49,58.95,TIMEOUT,1.65,0.71,unknown,results-verified/astr/logfiles/SV-COMP26_no-runtime-exception.ManagerParseStop.yml.log,results-verified/z3/logfiles/SV-COMP26_no-runtime-exception.ManagerParseStop.yml.log,sv-benchmarks/java/argv/dble/src.main.java.com.actiontech.dble.route.parser/ManagerParseStop/Main.java
Markup,0,1,1,0,1,1,0,1.74,0.74,unknown,1.86,0.79,unknown,results-verified/astr/logfiles/SV-COMP26_no-runtime-exception.Markup.yml.log,results-verified/z3/logfiles/SV-COMP26_no-runtime-exception.Markup.yml.log,sv-benchmarks/java/argv/OpenPDF/openpdf-core.src.main.java.org.openpdf.text.html/Markup/Main.java
MaybePatterns,67,5,1,40,5,1,0,1.72,0.74,unknown,1.76,0.74,unknown,results-verified/astr/logfiles/SV-COMP26_no-runtime-exception.MaybePatterns.yml.log,results-verified/z3/logfiles/SV-COMP26_no-runtime-exception.MaybePatterns.yml.log,sv-benchmarks/java/argv/glowroot/agent.core.src.main.java.org.glowroot.agent.util/MaybePatterns/Main.java
MergeAdapter,71,5,1,46,5,1,0,1.86,0.76,unknown,1.76,0.79,unknown,results-verified/astr/logfiles/SV-COMP26_no-runtime-exception.MergeAdapter.yml.log,results-verified/z3/logfiles/SV-COMP26_no-runtime-exception.MergeAdapter.yml.log,sv-benchmarks/java/argv/drill/exec.java-exec.src.main.java.org.apache.drill.exec.compile/MergeAdapter/Main.java
MessageConsumerOutputStream,118,8,1,22,3,0,0,1.8,0.79,unknown,61.02,56.33,TIMEOUT,results-verified/astr/logfiles/SV-COMP26_no-runtime-exception.MessageConsumerOutputStream.yml.log,results-verified/z3/logfiles/SV-COMP26_no-runtime-exception.MessageConsumerOutputStream.yml.log,sv-benchmarks/java/argv/Arduino/arduino-core.src.cc.arduino/MessageConsumerOutputStream/Main.java
MessagePreviewParams,604,66,0,0,1,1,0,3.22,1.61,true,1.8,0.77,unknown,results-verified/astr/logfiles/SV-COMP26_no-runtime-exception.MessagePreviewParams.yml.log,results-verified/z3/logfiles/SV-COMP26_no-runtime-exception.MessagePreviewParams.yml.log,sv-benchmarks/java/argv/Nullgram/TMessagesProj.src.main.java.org.telegram.messenger/MessagePreviewParams/Main.java
MethodELProcessor,318,30,0,66,4,1,0,2.57,1.23,unknown,2.09,0.85,unknown,results-verified/astr/logfiles/SV-COMP26_no-runtime-exception.MethodELProcessor.yml.log,results-verified/z3/logfiles/SV-COMP26_no-runtime-exception.MethodELProcessor.yml.log,sv-benchmarks/java/argv/jar-analyzer/src.main.java.me.n1ar4.jar.analyzer.el/MethodELProcessor/Main.java
MethodResult,57,4,0,0,1,0,1,1.94,0.8,true,1.73,0.74,unknown,results-verified/astr/logfiles/SV-COMP26_no-runtime-exception.MethodResult.yml.log,results-verified/z3/logfiles/SV-COMP26_no-runtime-exception.MethodResult.yml.log,sv-benchmarks/java/argv/jar-analyzer/src.main.java.me.n1ar4.jar.analyzer.entity/MethodResult/Main.java
Model,37,2,1,22,2,1,0,1.6,0.69,unknown,1.7,0.72,unknown,results-verified/astr/logfiles/SV-COMP26_no-runtime-exception.Model.yml.log,results-verified/z3/logfiles/SV-COMP26_no-runtime-exception.Model.yml.log,sv-benchmarks/java/argv/delverengine/core.src.main.java.com.interrupt.dungeoneer.entities/Model/Main.java
ModuleAttribution,467,50,0,51,4,1,0,2.69,1.37,true,1.92,0.8,unknown,results-verified/astr/logfiles/SV-COMP26_no-runtime-exception.ModuleAttribution.yml.log,results-verified/z3/logfiles/SV-COMP26_no-runtime-exception.ModuleAttribution.yml.log,sv-benchmarks/java/argv/countly-sdk-android/sdk.src.main.java.ly.count.android.sdk/ModuleAttribution/Main.java
ModuleDeviceId,2659,286,0,25,3,1,0,6.26,4.05,true,1.79,0.76,unknown,results-verified/astr/logfiles/SV-COMP26_no-runtime-exception.ModuleDeviceId.yml.log,results-verified/z3/logfiles/SV-COMP26_no-runtime-exception.ModuleDeviceId.yml.log,sv-benchmarks/java/argv/countly-sdk-android/sdk.src.main.java.ly.count.android.sdk/ModuleDeviceId/Main.java
ModulePlan,58,4,0,49,4,0,0,1.67,0.7,false,1.79,0.75,false,results-verified/astr/logfiles/SV-COMP26_no-runtime-exception.ModulePlan.yml.log,results-verified/z3/logfiles/SV-COMP26_no-runtime-exception.ModulePlan.yml.log,sv-benchmarks/java/argv/SecurityShepherd/src.main.java.utils/ModulePlan/Main.java
MoreConfigDefaults,26,2,1,16,2,1,0,1.63,0.71,unknown,1.65,0.71,unknown,results-verified/astr/logfiles/SV-COMP26_no-runtime-exception.MoreConfigDefaults.yml.log,results-verified/z3/logfiles/SV-COMP26_no-runtime-exception.MoreConfigDefaults.yml.log,sv-benchmarks/java/argv/glowroot/common2.src.main.java.org.glowroot.common2.config/MoreConfigDefaults/Main.java
Mutf8,24,3,1,0,1,1,1,1.69,0.73,unknown,1.69,0.73,unknown,results-verified/astr/logfiles/SV-COMP26_no-runtime-exception.Mutf8.yml.log,results-verified/z3/logfiles/SV-COMP26_no-runtime-exception.Mutf8.yml.log,sv-benchmarks/java/argv/Thanox/android.android_framework.dex-maker.src.main.java.com.android.dex/Mutf8/Main.java
MyStringEscaper,221,25,1,0,1,1,1,2.03,0.99,unknown,1.75,0.76,unknown,results-verified/astr/logfiles/SV-COMP26_no-runtime-exception.MyStringEscaper.yml.log,results-verified/z3/logfiles/SV-COMP26_no-runtime-exception.MyStringEscaper.yml.log,sv-benchmarks/java/argv/Qualitis/util.src.main.java.com.webank.wedatasphere.qualitis.util/MyStringEscaper/Main.java
NacosServiceNotify,8357,948,0,20,3,1,0,13.23,10.79,true,1.76,0.74,unknown,results-verified/astr/logfiles/SV-COMP26_no-runtime-exception.NacosServiceNotify.yml.log,results-verified/z3/logfiles/SV-COMP26_no-runtime-exception.NacosServiceNotify.yml.log,sv-benchmarks/java/argv/Sermant/sermant-plugins.sermant-service-registry.dubbo-registry-service.src.main.java.io.sermant.dubbo.registry.service/NacosServiceNotify/Main.java
NamePatternUtil,44,2,1,31,2,1,0,1.67,0.71,unknown,1.82,0.78,unknown,results-verified/astr/logfiles/SV-COMP26_no-runtime-exception.NamePatternUtil.yml.log,results-verified/z3/logfiles/SV-COMP26_no-runtime-exception.NamePatternUtil.yml.log,sv-benchmarks/java/argv/docker-maven-plugin/src.main.java.io.fabric8.maven.docker.util/NamePatternUtil/Main.java
NameUtils,93,8,1,0,1,1,1,1.78,0.79,unknown,1.81,0.75,unknown,results-verified/astr/logfiles/SV-COMP26_no-runtime-exception.NameUtils.yml.log,results-verified/z3/logfiles/SV-COMP26_no-runtime-exception.NameUtils.yml.log,sv-benchmarks/java/argv/forest/forest-core.src.main.java.com.dtflys.forest.utils/NameUtils/Main.java
NetworkFile,26,2,1,17,2,1,0,1.74,0.74,unknown,1.85,0.81,unknown,results-verified/astr/logfiles/SV-COMP26_no-runtime-exception.NetworkFile.yml.log,results-verified/z3/logfiles/SV-COMP26_no-runtime-exception.NetworkFile.yml.log,sv-benchmarks/java/argv/AnExplorer/app.src.main.java.dev.dworks.apps.anexplorer.network/NetworkFile/Main.java
NewMybatisProcessor,164,8,0,88,8,0,0,1.72,0.8,true,2.04,0.81,true,results-verified/astr/logfiles/SV-COMP26_no-runtime-exception.NewMybatisProcessor.yml.log,results-verified/z3/logfiles/SV-COMP26_no-runtime-exception.NewMybatisProcessor.yml.log,sv-benchmarks/java/argv/MoonBox/moonbox-agent.moonbox-java-agent.moonbox-plugins.repeater.mybatis-plugin.src.main.java.com.alibaba.jvm.sandbox.repeater.plugin.mybatis/NewMybatisProcessor/Main.java
NoticeFilesTest,0,1,1,0,1,2,1,1.75,0.73,unknown,1.78,0.73,unknown,results-verified/astr/logfiles/SV-COMP26_no-runtime-exception.NoticeFilesTest.yml.log,results-verified/z3/logfiles/SV-COMP26_no-runtime-exception.NoticeFilesTest.yml.log,sv-benchmarks/java/argv/jersey/tests.release-test.src.test.java.org.glassfish.jersey.test.artifacts/NoticeFilesTest/Main.java
NumberParseUtil,0,1,1,33,3,1,1,1.53,0.68,unknown,1.75,0.76,unknown,results-verified/astr/logfiles/SV-COMP26_no-runtime-exception.NumberParseUtil.yml.log,results-verified/z3/logfiles/SV-COMP26_no-runtime-exception.NumberParseUtil.yml.log,sv-benchmarks/java/argv/dble/src.main.java.com.actiontech.dble.route.function/NumberParseUtil/Main.java
OracleDbmsDialect,38,2,0,23,2,0,0,1.73,0.74,false,1.69,0.73,false,results-verified/astr/logfiles/SV-COMP26_no-runtime-exception.OracleDbmsDialect.yml.log,results-verified/z3/logfiles/SV-COMP26_no-runtime-exception.OracleDbmsDialect.yml.log,sv-benchmarks/java/argv/blaze-persistence/core.impl.src.main.java.com.blazebit.persistence.impl.dialect/OracleDbmsDialect/Main.java
OracleTranslator,153,15,0,0,1,1,0,2.11,0.92,unknown,1.76,0.75,unknown,results-verified/astr/logfiles/SV-COMP26_no-runtime-exception.OracleTranslator.yml.log,results-verified/z3/logfiles/SV-COMP26_no-runtime-exception.OracleTranslator.yml.log,sv-benchmarks/java/argv/diboot/diboot-core.src.main.java.com.diboot.core.util.sql/OracleTranslator/Main.java
OrmQueryDetailParser,179,20,0,0,1,1,0,2.2,0.93,true,1.56,0.68,unknown,results-verified/astr/logfiles/SV-COMP26_no-runtime-exception.OrmQueryDetailParser.yml.log,results-verified/z3/logfiles/SV-COMP26_no-runtime-exception.OrmQueryDetailParser.yml.log,sv-benchmarks/java/argv/ebean/ebean-core.src.main.java.io.ebeaninternal.server.querydefn/OrmQueryDetailParser/Main.java
Output,43,3,0,35,3,0,0,1.79,0.74,false,1.77,0.77,false,results-verified/astr/logfiles/SV-COMP26_no-runtime-exception.Output.yml.log,results-verified/z3/logfiles/SV-COMP26_no-runtime-exception.Output.yml.log,sv-benchmarks/java/argv/dexcount-gradle-plugin/src.main.java.com.android.dexdeps/Output/Main.java
PApplet,0,1,1,0,1,2,1,2.08,0.82,unknown,1.97,0.83,unknown,results-verified/astr/logfiles/SV-COMP26_no-runtime-exception.PApplet.yml.log,results-verified/z3/logfiles/SV-COMP26_no-runtime-exception.PApplet.yml.log,sv-benchmarks/java/argv/Arduino/arduino-core.src.processing.app.legacy/PApplet/Main.java
PDFFontEncoding,73,6,0,240,6,0,0,1.65,0.73,false,2.54,0.98,false,results-verified/astr/logfiles/SV-COMP26_no-runtime-exception.PDFFontEncoding.yml.log,results-verified/z3/logfiles/SV-COMP26_no-runtime-exception.PDFFontEncoding.yml.log,sv-benchmarks/java/argv/OpenPDF/openpdf-renderer.src.main.java.org.openpdf.renderer.font/PDFFontEncoding/Main.java
PDFStringUtil,40,4,0,0,1,1,1,1.8,0.76,unknown,1.7,0.77,unknown,results-verified/astr/logfiles/SV-COMP26_no-runtime-exception.PDFStringUtil.yml.log,results-verified/z3/logfiles/SV-COMP26_no-runtime-exception.PDFStringUtil.yml.log,sv-benchmarks/java/argv/OpenPDF/openpdf-renderer.src.main.java.org.openpdf.renderer/PDFStringUtil/Main.java
PGMImage,29,1,0,0,1,1,0,1.69,0.73,unknown,1.58,0.72,unknown,results-verified/astr/logfiles/SV-COMP26_no-runtime-exception.PGMImage.yml.log,results-verified/z3/logfiles/SV-COMP26_no-runtime-exception.PGMImage.yml.log,sv-benchmarks/java/argv/Nullgram/TMessagesProj.src.main.java.org.telegram.messenger.wallpaper.pgm/PGMImage/Main.java
PageSqlKit,0,1,1,0,1,1,0,1.73,0.7,unknown,1.77,0.74,unknown,results-verified/astr/logfiles/SV-COMP26_no-runtime-exception.PageSqlKit.yml.log,results-verified/z3/logfiles/SV-COMP26_no-runtime-exception.PageSqlKit.yml.log,sv-benchmarks/java/argv/jfinal/src.main.java.com.jfinal.plugin.activerecord/PageSqlKit/Main.java
ParseException,274,31,1,0,1,1,1,2.13,1.06,unknown,1.81,0.77,unknown,results-verified/astr/logfiles/SV-COMP26_no-runtime-exception.ParseException.yml.log,results-verified/z3/logfiles/SV-COMP26_no-runtime-exception.ParseException.yml.log,sv-benchmarks/java/argv/CoreNLP/src.edu.stanford.nlp.ling.tokensregex.parser/ParseException/Main.java
ParseException_1,301,31,1,0,1,1,1,2.15,1.07,unknown,1.82,0.78,unknown,results-verified/astr/logfiles/SV-COMP26_no-runtime-exception.ParseException_1.yml.log,results-verified/z3/logfiles/SV-COMP26_no-runtime-exception.ParseException_1.yml.log,sv-benchmarks/java/argv/CoreNLP/src.edu.stanford.nlp.semgraph.semgrex/ParseException_1/Main.java
ParseException_10,298,31,1,0,1,1,1,2.49,1.22,unknown,1.81,0.77,unknown,results-verified/astr/logfiles/SV-COMP26_no-runtime-exception.ParseException_10.yml.log,results-verified/z3/logfiles/SV-COMP26_no-runtime-exception.ParseException_10.yml.log,sv-benchmarks/java/argv/owlapi/parsers.src.main.java.org.semanticweb.owlapi.rdf.turtle.parser/ParseException_10/Main.java
ParseException_2,289,31,1,0,1,1,1,2.09,1.09,unknown,1.9,0.8,unknown,results-verified/astr/logfiles/SV-COMP26_no-runtime-exception.ParseException_2.yml.log,results-verified/z3/logfiles/SV-COMP26_no-runtime-exception.ParseException_2.yml.log,sv-benchmarks/java/argv/CoreNLP/src.edu.stanford.nlp.trees.tregex.tsurgeon/ParseException_2/Main.java
ParseException_3,299,31,1,0,1,1,1,2.22,1.1,unknown,1.84,0.78,unknown,results-verified/astr/logfiles/SV-COMP26_no-runtime-exception.ParseException_3.yml.log,results-verified/z3/logfiles/SV-COMP26_no-runtime-exception.ParseException_3.yml.log,sv-benchmarks/java/argv/CoreNLP/src.edu.stanford.nlp.trees.tregex/ParseException_3/Main.java
ParseException_5,305,31,1,0,1,1,1,2.24,1.1,unknown,1.74,0.74,unknown,results-verified/astr/logfiles/SV-COMP26_no-runtime-exception.ParseException_5.yml.log,results-verified/z3/logfiles/SV-COMP26_no-runtime-exception.ParseException_5.yml.log,sv-benchmarks/java/argv/owlapi/compatibility.src.main.java.org.coode.owlapi.obo12.parser/ParseException_5/Main.java
ParseException_6,284,31,1,0,1,1,1,2.3,1.17,unknown,1.87,0.8,unknown,results-verified/astr/logfiles/SV-COMP26_no-runtime-exception.ParseException_6.yml.log,results-verified/z3/logfiles/SV-COMP26_no-runtime-exception.ParseException_6.yml.log,sv-benchmarks/java/argv/owlapi/parsers.src.main.java.org.semanticweb.owlapi.dlsyntax.parser/ParseException_6/Main.java
ParseException_7,307,31,1,0,1,1,1,2.27,1.1,unknown,1.84,0.78,unknown,results-verified/astr/logfiles/SV-COMP26_no-runtime-exception.ParseException_7.yml.log,results-verified/z3/logfiles/SV-COMP26_no-runtime-exception.ParseException_7.yml.log,sv-benchmarks/java/argv/owlapi/parsers.src.main.java.org.semanticweb.owlapi.functional.parser/ParseException_7/Main.java
ParseException_8,314,31,1,0,1,1,1,2.26,1.13,unknown,1.84,0.8,unknown,results-verified/astr/logfiles/SV-COMP26_no-runtime-exception.ParseException_8.yml.log,results-verified/z3/logfiles/SV-COMP26_no-runtime-exception.ParseException_8.yml.log,sv-benchmarks/java/argv/owlapi/parsers.src.main.java.org.semanticweb.owlapi.krss1.parser/ParseException_8/Main.java
ParseException_9,363,31,1,0,1,1,1,2.38,1.23,unknown,1.81,0.77,unknown,results-verified/astr/logfiles/SV-COMP26_no-runtime-exception.ParseException_9.yml.log,results-verified/z3/logfiles/SV-COMP26_no-runtime-exception.ParseException_9.yml.log,sv-benchmarks/java/argv/owlapi/parsers.src.main.java.org.semanticweb.owlapi.krss2.parser/ParseException_9/Main.java
ParseFetchConfig,40,2,0,0,1,1,0,1.69,0.74,false,1.66,0.72,unknown,results-verified/astr/logfiles/SV-COMP26_no-runtime-exception.ParseFetchConfig.yml.log,results-verified/z3/logfiles/SV-COMP26_no-runtime-exception.ParseFetchConfig.yml.log,sv-benchmarks/java/argv/ebean/ebean-core.src.main.java.io.ebeaninternal.server.grammer/ParseFetchConfig/Main.java
Parser,25,1,1,18,1,1,0,1.6,0.71,unknown,1.9,0.81,unknown,results-verified/astr/logfiles/SV-COMP26_no-runtime-exception.Parser.yml.log,results-verified/z3/logfiles/SV-COMP26_no-runtime-exception.Parser.yml.log,sv-benchmarks/java/argv/CatVodSpider/app.src.main.java.com.github.catvod.js.utils/Parser/Main.java
Parser,25,1,1,18,1,1,0,1.6,0.71,unknown,1.62,0.69,unknown,results-verified/astr/logfiles/SV-COMP26_no-runtime-exception.Parser.yml.log,results-verified/z3/logfiles/SV-COMP26_no-runtime-exception.Parser.yml.log,sv-benchmarks/java/argv/CatVodSpider/app.src.main.java.com.github.catvod.js.utils/Parser/Main.java
Parser,25,1,1,18,1,1,0,2.7,2.04,unknown,1.9,0.81,unknown,results-verified/astr/logfiles/SV-COMP26_no-runtime-exception.Parser.yml.log,results-verified/z3/logfiles/SV-COMP26_no-runtime-exception.Parser.yml.log,sv-benchmarks/java/argv/CatVodSpider/app.src.main.java.com.github.catvod.js.utils/Parser/Main.java
Parser,25,1,1,18,1,1,0,2.7,2.04,unknown,1.62,0.69,unknown,results-verified/astr/logfiles/SV-COMP26_no-runtime-exception.Parser.yml.log,results-verified/z3/logfiles/SV-COMP26_no-runtime-exception.Parser.yml.log,sv-benchmarks/java/argv/CatVodSpider/app.src.main.java.com.github.catvod.js.utils/Parser/Main.java
PartitionByDate,27,1,0,0,1,1,0,1.67,0.69,unknown,1.63,0.73,unknown,results-verified/astr/logfiles/SV-COMP26_no-runtime-exception.PartitionByDate.yml.log,results-verified/z3/logfiles/SV-COMP26_no-runtime-exception.PartitionByDate.yml.log,sv-benchmarks/java/argv/dble/src.main.java.com.actiontech.dble.route.function/PartitionByDate/Main.java
PathToJavaClassConverter,0,1,1,0,1,1,0,1.84,0.79,unknown,1.65,0.75,unknown,results-verified/astr/logfiles/SV-COMP26_no-runtime-exception.PathToJavaClassConverter.yml.log,results-verified/z3/logfiles/SV-COMP26_no-runtime-exception.PathToJavaClassConverter.yml.log,sv-benchmarks/java/argv/pitest/pitest-maven.src.main.java.org.pitest.maven/PathToJavaClassConverter/Main.java
PathUtil,1970,126,0,2398,126,0,0,2.79,1.67,true,1.8,0.78,true,results-verified/astr/logfiles/SV-COMP26_no-runtime-exception.PathUtil.yml.log,results-verified/z3/logfiles/SV-COMP26_no-runtime-exception.PathUtil.yml.log,sv-benchmarks/java/argv/forest/forest-examples.example-solon.src.main.java.com.dtflys.forest.example.utils/PathUtil/Main.java
PathUtil_1,2076,126,0,2300,126,0,0,4.37,2.91,true,9.79,3.39,true,results-verified/astr/logfiles/SV-COMP26_no-runtime-exception.PathUtil_1.yml.log,results-verified/z3/logfiles/SV-COMP26_no-runtime-exception.PathUtil_1.yml.log,sv-benchmarks/java/argv/forest/forest-examples.example-springboot.src.main.java.com.dtflys.forest.example.utils/PathUtil_1/Main.java
PathUtil_2,2120,126,0,2599,126,0,0,4.47,2.94,true,10.43,3.65,true,results-verified/astr/logfiles/SV-COMP26_no-runtime-exception.PathUtil_2.yml.log,results-verified/z3/logfiles/SV-COMP26_no-runtime-exception.PathUtil_2.yml.log,sv-benchmarks/java/argv/forest/forest-examples.example-springboot3.src.main.java.com.dtflys.forest.forestspringboot3example.utils/PathUtil_2/Main.java
PdfChunk,0,1,1,0,1,1,0,1.84,0.79,unknown,1.88,0.78,unknown,results-verified/astr/logfiles/SV-COMP26_no-runtime-exception.PdfChunk.yml.log,results-verified/z3/logfiles/SV-COMP26_no-runtime-exception.PdfChunk.yml.log,sv-benchmarks/java/argv/OpenPDF/openpdf-core.src.main.java.org.openpdf.text.pdf/PdfChunk/Main.java
PermissionParser,111,10,1,35,4,1,0,1.78,0.82,unknown,1.79,0.76,unknown,results-verified/astr/logfiles/SV-COMP26_no-runtime-exception.PermissionParser.yml.log,results-verified/z3/logfiles/SV-COMP26_no-runtime-exception.PermissionParser.yml.log,sv-benchmarks/java/argv/glowroot/common2.src.main.java.org.glowroot.common2.config/PermissionParser/Main.java
PermissionsFragment,36,2,0,26,2,0,0,1.66,0.72,true,1.83,0.87,true,results-verified/astr/logfiles/SV-COMP26_no-runtime-exception.PermissionsFragment.yml.log,results-verified/z3/logfiles/SV-COMP26_no-runtime-exception.PermissionsFragment.yml.log,sv-benchmarks/java/argv/APK-Explorer-Editor/app.src.main.java.com.apk.editor.fragments/PermissionsFragment/Main.java
PhoneRule,212,24,1,0,1,1,1,2.1,1.0,unknown,1.8,0.74,unknown,results-verified/astr/logfiles/SV-COMP26_no-runtime-exception.PhoneRule.yml.log,results-verified/z3/logfiles/SV-COMP26_no-runtime-exception.PhoneRule.yml.log,sv-benchmarks/java/argv/Nullgram/TMessagesProj.src.main.java.org.telegram.PhoneFormat/PhoneRule/Main.java
PhoneRule_1,222,24,1,0,1,1,1,2.42,1.02,unknown,1.83,0.77,unknown,results-verified/astr/logfiles/SV-COMP26_no-runtime-exception.PhoneRule_1.yml.log,results-verified/z3/logfiles/SV-COMP26_no-runtime-exception.PhoneRule_1.yml.log,sv-benchmarks/java/argv/chatAir/TMessagesProj.src.main.java.org.telegram.PhoneFormat/PhoneRule_1/Main.java
PineConfig,45,1,0,20,1,0,1,1.74,0.77,unknown,1.62,0.73,unknown,results-verified/astr/logfiles/SV-COMP26_no-runtime-exception.PineConfig.yml.log,results-verified/z3/logfiles/SV-COMP26_no-runtime-exception.PineConfig.yml.log,sv-benchmarks/java/argv/pine/core.src.main.java.top.canyie.pine/PineConfig/Main.java
PlantUMLImporter,506,14,1,0,1,1,1,2.44,1.23,unknown,1.61,0.68,unknown,results-verified/astr/logfiles/SV-COMP26_no-runtime-exception.PlantUMLImporter.yml.log,results-verified/z3/logfiles/SV-COMP26_no-runtime-exception.PlantUMLImporter.yml.log,sv-benchmarks/java/argv/java/structurizr-import.src.main.java.com.structurizr.importer.diagrams.plantuml/PlantUMLImporter/Main.java
PlatformTypeConverter,0,1,1,0,1,1,0,1.72,0.74,unknown,1.7,0.73,unknown,results-verified/astr/logfiles/SV-COMP26_no-runtime-exception.PlatformTypeConverter.yml.log,results-verified/z3/logfiles/SV-COMP26_no-runtime-exception.PlatformTypeConverter.yml.log,sv-benchmarks/java/argv/ebean/ebean-ddl-generator.src.main.java.io.ebeaninternal.dbmigration.ddlgeneration.platform.util/PlatformTypeConverter/Main.java
PluginManifestParser,72,4,0,30,4,0,0,1.69,0.73,true,1.72,0.73,true,results-verified/astr/logfiles/SV-COMP26_no-runtime-exception.PluginManifestParser.yml.log,results-verified/z3/logfiles/SV-COMP26_no-runtime-exception.PluginManifestParser.yml.log,sv-benchmarks/java/argv/Android-Plugin-Framework/FairyPlugin.src.main.java.com.limpoxe.fairy.manager/PluginManifestParser/Main.java
PoorValidationLessonIT,96,11,0,6104,114,0,0,60.45,59.53,TIMEOUT,17.64,7.39,true,results-verified/astr/logfiles/SV-COMP26_no-runtime-exception.PoorValidationLessonIT.yml.log,results-verified/z3/logfiles/SV-COMP26_no-runtime-exception.PoorValidationLessonIT.yml.log,sv-benchmarks/java/argv/SecurityShepherd/src.it.java.servlets.module.lesson/PoorValidationLessonIT/Main.java
PostgreSqlDataSourceInfo,947,8,0,0,1,1,0,60.43,59.72,TIMEOUT,1.64,0.73,unknown,results-verified/astr/logfiles/SV-COMP26_no-runtime-exception.PostgreSqlDataSourceInfo.yml.log,results-verified/z3/logfiles/SV-COMP26_no-runtime-exception.PostgreSqlDataSourceInfo.yml.log,sv-benchmarks/java/argv/datavines/datavines-connector.datavines-connector-plugins.datavines-connector-postgresql.src.main.java.io.datavines.connector.plugin/PostgreSqlDataSourceInfo/Main.java
ProtocolRigidityTest,36,2,0,43,2,0,0,1.78,0.74,true,1.8,0.73,true,results-verified/astr/logfiles/SV-COMP26_no-runtime-exception.ProtocolRigidityTest.yml.log,results-verified/z3/logfiles/SV-COMP26_no-runtime-exception.ProtocolRigidityTest.yml.log,sv-benchmarks/java/argv/hippo4j/infra.common.src.test.java.cn.hippo4j.common.toolkit/ProtocolRigidityTest/Main.java
ProxyUserSSOUtils,1158,4,0,23,2,1,1,2.71,1.82,false,1.86,0.79,unknown,results-verified/astr/logfiles/SV-COMP26_no-runtime-exception.ProxyUserSSOUtils.yml.log,results-verified/z3/logfiles/SV-COMP26_no-runtime-exception.ProxyUserSSOUtils.yml.log,sv-benchmarks/java/argv/DataSphereStudio/dss-standard.sso-standard.sso-integration-standard.src.main.java.com.webank.wedatasphere.dss.standard.sso.utils/ProxyUserSSOUtils/Main.java
PunctEquivalenceClasser,60,3,0,33,3,0,1,1.64,0.72,unknown,1.81,0.75,unknown,results-verified/astr/logfiles/SV-COMP26_no-runtime-exception.PunctEquivalenceClasser.yml.log,results-verified/z3/logfiles/SV-COMP26_no-runtime-exception.PunctEquivalenceClasser.yml.log,sv-benchmarks/java/argv/CoreNLP/src.edu.stanford.nlp.parser.tools/PunctEquivalenceClasser/Main.java
QueryTestUtil,85,5,0,117,3,1,0,1.82,0.78,unknown,2.12,0.84,unknown,results-verified/astr/logfiles/SV-COMP26_no-runtime-exception.QueryTestUtil.yml.log,results-verified/z3/logfiles/SV-COMP26_no-runtime-exception.QueryTestUtil.yml.log,sv-benchmarks/java/argv/drill/exec.java-exec.src.test.java.org.apache.drill.test/QueryTestUtil/Main.java
RedirectRender,996,5,0,0,1,1,0,60.45,59.51,TIMEOUT,1.77,0.75,unknown,results-verified/astr/logfiles/SV-COMP26_no-runtime-exception.RedirectRender.yml.log,results-verified/z3/logfiles/SV-COMP26_no-runtime-exception.RedirectRender.yml.log,sv-benchmarks/java/argv/jfinal/src.main.java.com.jfinal.render/RedirectRender/Main.java
Reformatter,25,1,0,17,1,0,1,1.66,0.69,unknown,1.6,0.69,unknown,results-verified/astr/logfiles/SV-COMP26_no-runtime-exception.Reformatter.yml.log,results-verified/z3/logfiles/SV-COMP26_no-runtime-exception.Reformatter.yml.log,sv-benchmarks/java/argv/Thanox/android.annotation_processors.xposed_hook_compiler.src.main.java.github.tornaco.permission.compiler/Reformatter/Main.java
RegexPartialAttribute,23,1,1,0,1,1,0,1.65,0.71,unknown,1.75,0.75,unknown,results-verified/astr/logfiles/SV-COMP26_no-runtime-exception.RegexPartialAttribute.yml.log,results-verified/z3/logfiles/SV-COMP26_no-runtime-exception.RegexPartialAttribute.yml.log,sv-benchmarks/java/argv/CoreNLP/src.edu.stanford.nlp.semgraph.semgrex/RegexPartialAttribute/Main.java
ReloadStatus,68,6,0,51,6,0,0,1.7,0.72,true,1.79,0.74,true,results-verified/astr/logfiles/SV-COMP26_no-runtime-exception.ReloadStatus.yml.log,results-verified/z3/logfiles/SV-COMP26_no-runtime-exception.ReloadStatus.yml.log,sv-benchmarks/java/argv/dble/src.main.java.com.actiontech.dble.meta/ReloadStatus/Main.java
ReplyLegal,27,1,1,21,1,1,0,1.69,0.73,unknown,1.77,0.74,unknown,results-verified/astr/logfiles/SV-COMP26_no-runtime-exception.ReplyLegal.yml.log,results-verified/z3/logfiles/SV-COMP26_no-runtime-exception.ReplyLegal.yml.log,sv-benchmarks/java/argv/feiyangdigital-bot/src.main.java.top.feiyangdigital.utils/ReplyLegal/Main.java
Resin,914,101,1,0,1,1,0,3.6,1.92,unknown,1.71,0.74,unknown,results-verified/astr/logfiles/SV-COMP26_no-runtime-exception.Resin.yml.log,results-verified/z3/logfiles/SV-COMP26_no-runtime-exception.Resin.yml.log,sv-benchmarks/java/argv/JYso/src.main.java.com.qi4l.JYso.gadgets/Resin/Main.java
ResizeCommand,907,106,0,22,3,1,0,3.35,1.85,true,1.78,0.76,unknown,results-verified/astr/logfiles/SV-COMP26_no-runtime-exception.ResizeCommand.yml.log,results-verified/z3/logfiles/SV-COMP26_no-runtime-exception.ResizeCommand.yml.log,sv-benchmarks/java/argv/drill/drill-yarn.src.main.java.org.apache.drill.yarn.client/ResizeCommand/Main.java
ResourcesExtractor,41,2,0,21,2,0,5,1.66,0.72,false,1.71,0.71,false,results-verified/astr/logfiles/SV-COMP26_no-runtime-exception.ResourcesExtractor.yml.log,results-verified/z3/logfiles/SV-COMP26_no-runtime-exception.ResourcesExtractor.yml.log,sv-benchmarks/java/argv/freemarker/freemarker-test-utils.src.main.java.freemarker.test/ResourcesExtractor/Main.java
ResponseParser,55,3,1,75,3,1,0,1.56,0.69,unknown,1.83,0.77,unknown,results-verified/astr/logfiles/SV-COMP26_no-runtime-exception.ResponseParser.yml.log,results-verified/z3/logfiles/SV-COMP26_no-runtime-exception.ResponseParser.yml.log,sv-benchmarks/java/argv/Steve/src.main.java.com.steve.ai.llm/ResponseParser/Main.java
ResponseTest,402,30,0,32,3,1,0,2.82,1.2,true,1.86,0.78,unknown,results-verified/astr/logfiles/SV-COMP26_no-runtime-exception.ResponseTest.yml.log,results-verified/z3/logfiles/SV-COMP26_no-runtime-exception.ResponseTest.yml.log,sv-benchmarks/java/argv/jersey/tests.e2e.src.test.java.org.glassfish.jersey.tests.api/ResponseTest/Main.java
RocketMqProhibitionTest,17588,1885,0,1561,1485,0,0,60.88,54.41,TIMEOUT,30.84,14.22,true,results-verified/astr/logfiles/SV-COMP26_no-runtime-exception.RocketMqProhibitionTest.yml.log,results-verified/z3/logfiles/SV-COMP26_no-runtime-exception.RocketMqProhibitionTest.yml.log,sv-benchmarks/java/argv/Sermant/sermant-integration-tests.mq-consume-prohibition-test.mq-consume-prohibition-integration-test.src.test.java.io.sermant.mq.prohibition.integration.rocketmq/RocketMqProhibitionTest/Main.java
RouterTest,23712,2845,0,0,1,1,0,60.34,54.8,TIMEOUT,1.73,0.73,unknown,results-verified/astr/logfiles/SV-COMP26_no-runtime-exception.RouterTest.yml.log,results-verified/z3/logfiles/SV-COMP26_no-runtime-exception.RouterTest.yml.log,sv-benchmarks/java/argv/Sermant/sermant-integration-tests.dubbo-test.dubbo-integration-test.src.test.java.io.sermant.integration.router/RouterTest/Main.java
RwSplitServerParse,0,1,1,0,1,1,0,1.78,0.73,unknown,1.86,0.79,unknown,results-verified/astr/logfiles/SV-COMP26_no-runtime-exception.RwSplitServerParse.yml.log,results-verified/z3/logfiles/SV-COMP26_no-runtime-exception.RwSplitServerParse.yml.log,sv-benchmarks/java/argv/dble/src.main.java.com.actiontech.dble.server.parser/RwSplitServerParse/Main.java
RwSplitServerParseSelect,356,28,0,0,1,1,0,2.22,1.18,unknown,1.56,0.7,unknown,results-verified/astr/logfiles/SV-COMP26_no-runtime-exception.RwSplitServerParseSelect.yml.log,results-verified/z3/logfiles/SV-COMP26_no-runtime-exception.RwSplitServerParseSelect.yml.log,sv-benchmarks/java/argv/dble/src.main.java.com.actiontech.dble.server.parser/RwSplitServerParseSelect/Main.java
RwSplitServerParseStart,48200,1214,0,0,1,1,0,54.92,52.1,true,1.63,0.71,unknown,results-verified/astr/logfiles/SV-COMP26_no-runtime-exception.RwSplitServerParseStart.yml.log,results-verified/z3/logfiles/SV-COMP26_no-runtime-exception.RwSplitServerParseStart.yml.log,sv-benchmarks/java/argv/dble/src.main.java.com.actiontech.dble.server.parser/RwSplitServerParseStart/Main.java
Samba,33,2,0,25,2,0,1,1.64,0.69,unknown,1.8,0.75,unknown,results-verified/astr/logfiles/SV-COMP26_no-runtime-exception.Samba.yml.log,results-verified/z3/logfiles/SV-COMP26_no-runtime-exception.Samba.yml.log,sv-benchmarks/java/argv/CatVodSpider/app.src.main.java.com.github.catvod.spider/Samba/Main.java
ScoreboardStatus,73,6,0,122,6,0,0,1.73,0.73,false,2.13,0.83,false,results-verified/astr/logfiles/SV-COMP26_no-runtime-exception.ScoreboardStatus.yml.log,results-verified/z3/logfiles/SV-COMP26_no-runtime-exception.ScoreboardStatus.yml.log,sv-benchmarks/java/argv/SecurityShepherd/src.main.java.utils/ScoreboardStatus/Main.java
ScriptPidUtilsTest,68,6,0,266,6,0,0,1.88,0.76,true,2.74,1.1,true,results-verified/astr/logfiles/SV-COMP26_no-runtime-exception.ScriptPidUtilsTest.yml.log,results-verified/z3/logfiles/SV-COMP26_no-runtime-exception.ScriptPidUtilsTest.yml.log,sv-benchmarks/java/argv/Saturn/saturn-core.src.test.java.com.vip.saturn.job.utils/ScriptPidUtilsTest/Main.java
ScriptPrepareParse,1935,187,0,0,1,1,0,5.39,3.52,unknown,1.7,0.72,unknown,results-verified/astr/logfiles/SV-COMP26_no-runtime-exception.ScriptPrepareParse.yml.log,results-verified/z3/logfiles/SV-COMP26_no-runtime-exception.ScriptPrepareParse.yml.log,sv-benchmarks/java/argv/dble/src.main.java.com.actiontech.dble.server.parser/ScriptPrepareParse/Main.java
SearchCounterView,55,4,1,34,2,1,0,1.78,0.76,unknown,1.76,0.79,unknown,results-verified/astr/logfiles/SV-COMP26_no-runtime-exception.SearchCounterView.yml.log,results-verified/z3/logfiles/SV-COMP26_no-runtime-exception.SearchCounterView.yml.log,sv-benchmarks/java/argv/Nullgram/TMessagesProj.src.main.java.org.telegram.ui.Components/SearchCounterView/Main.java
SearchCounterView_1,57,4,1,21,2,1,0,1.84,0.76,unknown,1.82,0.76,unknown,results-verified/astr/logfiles/SV-COMP26_no-runtime-exception.SearchCounterView_1.yml.log,results-verified/z3/logfiles/SV-COMP26_no-runtime-exception.SearchCounterView_1.yml.log,sv-benchmarks/java/argv/chatAir/TMessagesProj.src.main.java.org.telegram.ui.Components/SearchCounterView_1/Main.java
SecorConfig,467,4,0,37,2,1,1,4.41,2.49,false,2.25,0.91,unknown,results-verified/astr/logfiles/SV-COMP26_no-runtime-exception.SecorConfig.yml.log,results-verified/z3/logfiles/SV-COMP26_no-runtime-exception.SecorConfig.yml.log,sv-benchmarks/java/argv/secor/src.main.java.com.pinterest.secor.common/SecorConfig/Main.java
SecurityMisconfigLessonIT,2810,28,0,21240,376,0,0,60.46,59.45,TIMEOUT,35.05,23.13,true,results-verified/astr/logfiles/SV-COMP26_no-runtime-exception.SecurityMisconfigLessonIT.yml.log,results-verified/z3/logfiles/SV-COMP26_no-runtime-exception.SecurityMisconfigLessonIT.yml.log,sv-benchmarks/java/argv/SecurityShepherd/src.it.java.servlets.module.lesson/SecurityMisconfigLessonIT/Main.java
SeparatorConverter,216,25,0,0,1,1,1,1.98,0.94,false,1.76,0.75,unknown,results-verified/astr/logfiles/SV-COMP26_no-runtime-exception.SeparatorConverter.yml.log,results-verified/z3/logfiles/SV-COMP26_no-runtime-exception.SeparatorConverter.yml.log,sv-benchmarks/java/argv/jpmml-evaluator/pmml-evaluator-example.src.main.java.org.jpmml.evaluator.example/SeparatorConverter/Main.java
Serial,0,1,0,0,1,0,1,1.76,0.75,unknown,1.77,0.77,unknown,results-verified/astr/logfiles/SV-COMP26_no-runtime-exception.Serial.yml.log,results-verified/z3/logfiles/SV-COMP26_no-runtime-exception.Serial.yml.log,sv-benchmarks/java/argv/Arduino/arduino-core.src.processing.app/Serial/Main.java
ServerComponentHealthAggregator,26,1,1,20,1,1,0,1.63,0.72,unknown,1.72,0.71,unknown,results-verified/astr/logfiles/SV-COMP26_no-runtime-exception.ServerComponentHealthAggregator.yml.log,results-verified/z3/logfiles/SV-COMP26_no-runtime-exception.ServerComponentHealthAggregator.yml.log,sv-benchmarks/java/argv/brooklin/datastream-server-restli.src.main.java.com.linkedin.datastream.server.diagnostics/ServerComponentHealthAggregator/Main.java
ServerParseSelect,50259,1017,0,0,1,1,0,60.65,57.45,TIMEOUT,1.92,0.79,unknown,results-verified/astr/logfiles/SV-COMP26_no-runtime-exception.ServerParseSelect.yml.log,results-verified/z3/logfiles/SV-COMP26_no-runtime-exception.ServerParseSelect.yml.log,sv-benchmarks/java/argv/dble/src.main.java.com.actiontech.dble.server.parser/ServerParseSelect/Main.java
ServerParseShow,0,1,1,0,1,1,0,1.78,0.73,unknown,1.82,0.76,unknown,results-verified/astr/logfiles/SV-COMP26_no-runtime-exception.ServerParseShow.yml.log,results-verified/z3/logfiles/SV-COMP26_no-runtime-exception.ServerParseShow.yml.log,sv-benchmarks/java/argv/dble/src.main.java.com.actiontech.dble.server.parser/ServerParseShow/Main.java
ServerParseStart,48749,1285,0,0,1,1,0,60.68,57.32,TIMEOUT,1.64,0.72,unknown,results-verified/astr/logfiles/SV-COMP26_no-runtime-exception.ServerParseStart.yml.log,results-verified/z3/logfiles/SV-COMP26_no-runtime-exception.ServerParseStart.yml.log,sv-benchmarks/java/argv/dble/src.main.java.com.actiontech.dble.server.parser/ServerParseStart/Main.java
ServerParseValidations,43882,2457,0,0,1,1,0,60.78,56.84,TIMEOUT,2.04,0.81,unknown,results-verified/astr/logfiles/SV-COMP26_no-runtime-exception.ServerParseValidations.yml.log,results-verified/z3/logfiles/SV-COMP26_no-runtime-exception.ServerParseValidations.yml.log,sv-benchmarks/java/argv/dble/src.main.java.com.actiontech.dble.server.parser/ServerParseValidations/Main.java
ServerRunner,15,1,0,0,1,1,0,1.99,0.77,unknown,1.8,0.75,unknown,results-verified/astr/logfiles/SV-COMP26_no-runtime-exception.ServerRunner.yml.log,results-verified/z3/logfiles/SV-COMP26_no-runtime-exception.ServerRunner.yml.log,sv-benchmarks/java/argv/SikuliX1/IDE.src.main.java.org.sikuli.support.runner/ServerRunner/Main.java
ShardingServerParse,0,1,1,0,1,1,0,1.69,0.73,unknown,1.68,0.77,unknown,results-verified/astr/logfiles/SV-COMP26_no-runtime-exception.ShardingServerParse.yml.log,results-verified/z3/logfiles/SV-COMP26_no-runtime-exception.ShardingServerParse.yml.log,sv-benchmarks/java/argv/dble/src.main.java.com.actiontech.dble.server.parser/ShardingServerParse/Main.java
ShareOpenActivity,98,6,0,64,6,0,0,1.72,0.74,true,1.9,0.79,true,results-verified/astr/logfiles/SV-COMP26_no-runtime-exception.ShareOpenActivity.yml.log,results-verified/z3/logfiles/SV-COMP26_no-runtime-exception.ShareOpenActivity.yml.log,sv-benchmarks/java/argv/Kore/app.src.main.java.org.xbmc.kore/ShareOpenActivity/Main.java
ShiftReduceUtils,321,34,0,25,3,0,0,2.18,1.1,true,1.76,0.74,unknown,results-verified/astr/logfiles/SV-COMP26_no-runtime-exception.ShiftReduceUtils.yml.log,results-verified/z3/logfiles/SV-COMP26_no-runtime-exception.ShiftReduceUtils.yml.log,sv-benchmarks/java/argv/CoreNLP/src.edu.stanford.nlp.parser.shiftreduce/ShiftReduceUtils/Main.java
ShortenedThrowableConverter,52,3,0,24,3,1,0,1.91,0.77,unknown,1.92,0.79,unknown,results-verified/astr/logfiles/SV-COMP26_no-runtime-exception.ShortenedThrowableConverter.yml.log,results-verified/z3/logfiles/SV-COMP26_no-runtime-exception.ShortenedThrowableConverter.yml.log,sv-benchmarks/java/argv/logstash-logback-encoder/src.main.java.net.logstash.logback.stacktrace/ShortenedThrowableConverter/Main.java
SikuliIDEPopUpMenu,67,5,0,53,5,0,5,1.84,0.77,false,1.92,0.78,false,results-verified/astr/logfiles/SV-COMP26_no-runtime-exception.SikuliIDEPopUpMenu.yml.log,results-verified/z3/logfiles/SV-COMP26_no-runtime-exception.SikuliIDEPopUpMenu.yml.log,sv-benchmarks/java/argv/SikuliX1/IDE.src.main.java.org.sikuli.ide/SikuliIDEPopUpMenu/Main.java
SniSslContextDeserializer,61,1,1,21,1,1,0,2.35,1.36,unknown,1.6,0.74,unknown,results-verified/astr/logfiles/SV-COMP26_no-runtime-exception.SniSslContextDeserializer.yml.log,results-verified/z3/logfiles/SV-COMP26_no-runtime-exception.SniSslContextDeserializer.yml.log,sv-benchmarks/java/argv/ratpack/ratpack-core.src.main.java.ratpack.core.config.internal.module/SniSslContextDeserializer/Main.java
SongInformation,26,2,1,18,2,1,0,1.78,0.78,unknown,1.86,0.82,unknown,results-verified/astr/logfiles/SV-COMP26_no-runtime-exception.SongInformation.yml.log,results-verified/z3/logfiles/SV-COMP26_no-runtime-exception.SongInformation.yml.log,sv-benchmarks/java/argv/beatoraja/src.bms.player.beatoraja.song/SongInformation/Main.java
SongUtils,76,4,0,26,3,1,0,1.66,0.74,true,1.83,0.77,unknown,results-verified/astr/logfiles/SV-COMP26_no-runtime-exception.SongUtils.yml.log,results-verified/z3/logfiles/SV-COMP26_no-runtime-exception.SongUtils.yml.log,sv-benchmarks/java/argv/beatoraja/src.bms.player.beatoraja.song/SongUtils/Main.java
SplitName,258,27,1,0,1,1,1,2.12,1.04,unknown,1.76,0.76,unknown,results-verified/astr/logfiles/SV-COMP26_no-runtime-exception.SplitName.yml.log,results-verified/z3/logfiles/SV-COMP26_no-runtime-exception.SplitName.yml.log,sv-benchmarks/java/argv/ebean/ebean-api.src.main.java.io.ebean.util/SplitName/Main.java
SplitUtil,0,1,1,0,1,0,1,2.03,0.8,unknown,1.97,0.79,unknown,results-verified/astr/logfiles/SV-COMP26_no-runtime-exception.SplitUtil.yml.log,results-verified/z3/logfiles/SV-COMP26_no-runtime-exception.SplitUtil.yml.log,sv-benchmarks/java/argv/dble/src.main.java.com.actiontech.dble.util/SplitUtil/Main.java
SpringBootVFS,36,2,0,20,2,0,0,1.61,0.68,true,1.73,0.74,true,results-verified/astr/logfiles/SV-COMP26_no-runtime-exception.SpringBootVFS.yml.log,results-verified/z3/logfiles/SV-COMP26_no-runtime-exception.SpringBootVFS.yml.log,sv-benchmarks/java/argv/Mapper/spring-boot-starter.mapper-spring-boot-autoconfigure.src.main.java.tk.mybatis.mapper.autoconfigure/SpringBootVFS/Main.java
SqlFilter,27,1,1,20,1,1,0,1.55,0.65,unknown,1.6,0.69,unknown,results-verified/astr/logfiles/SV-COMP26_no-runtime-exception.SqlFilter.yml.log,results-verified/z3/logfiles/SV-COMP26_no-runtime-exception.SqlFilter.yml.log,sv-benchmarks/java/argv/SecurityShepherd/src.main.java.utils/SqlFilter/Main.java
SqlInjectionLessonIT,1093,15,0,24692,472,0,0,60.44,59.61,TIMEOUT,40.25,26.87,true,results-verified/astr/logfiles/SV-COMP26_no-runtime-exception.SqlInjectionLessonIT.yml.log,results-verified/z3/logfiles/SV-COMP26_no-runtime-exception.SqlInjectionLessonIT.yml.log,sv-benchmarks/java/argv/SecurityShepherd/src.it.java.servlets.module.lesson/SqlInjectionLessonIT/Main.java
SqlServerTranslator,147,16,0,33,4,1,0,1.84,0.83,true,1.86,0.78,unknown,results-verified/astr/logfiles/SV-COMP26_no-runtime-exception.SqlServerTranslator.yml.log,results-verified/z3/logfiles/SV-COMP26_no-runtime-exception.SqlServerTranslator.yml.log,sv-benchmarks/java/argv/diboot/diboot-core.src.main.java.com.diboot.core.util.sql/SqlServerTranslator/Main.java
StopCommand,0,1,1,0,1,1,0,1.58,0.69,unknown,1.6,0.71,unknown,results-verified/astr/logfiles/SV-COMP26_no-runtime-exception.StopCommand.yml.log,results-verified/z3/logfiles/SV-COMP26_no-runtime-exception.StopCommand.yml.log,sv-benchmarks/java/argv/drill/drill-yarn.src.main.java.org.apache.drill.yarn.client/StopCommand/Main.java
StrKit,0,1,1,0,1,1,1,1.56,0.69,unknown,1.8,0.76,unknown,results-verified/astr/logfiles/SV-COMP26_no-runtime-exception.StrKit.yml.log,results-verified/z3/logfiles/SV-COMP26_no-runtime-exception.StrKit.yml.log,sv-benchmarks/java/argv/jfinal/src.main.java.com.jfinal.kit/StrKit/Main.java
StringBuilderUtils,0,1,1,0,1,1,0,1.65,0.71,unknown,1.65,0.7,unknown,results-verified/astr/logfiles/SV-COMP26_no-runtime-exception.StringBuilderUtils.yml.log,results-verified/z3/logfiles/SV-COMP26_no-runtime-exception.StringBuilderUtils.yml.log,sv-benchmarks/java/argv/jersey/core-common.src.main.java.org.glassfish.jersey.message.internal/StringBuilderUtils/Main.java
StringDictionary,18,1,1,0,1,1,0,1.77,0.74,unknown,1.84,0.79,unknown,results-verified/astr/logfiles/SV-COMP26_no-runtime-exception.StringDictionary.yml.log,results-verified/z3/logfiles/SV-COMP26_no-runtime-exception.StringDictionary.yml.log,sv-benchmarks/java/argv/CoreNLP/src.edu.stanford.nlp.ie.machinereading.common/StringDictionary/Main.java
StringEncoding,0,1,1,0,1,2,1,1.99,0.79,unknown,2.07,0.81,unknown,results-verified/astr/logfiles/SV-COMP26_no-runtime-exception.StringEncoding.yml.log,results-verified/z3/logfiles/SV-COMP26_no-runtime-exception.StringEncoding.yml.log,sv-benchmarks/java/argv/janusgraph/janusgraph-core.src.main.java.org.janusgraph.util.encoding/StringEncoding/Main.java
StringExt,55,5,0,0,1,1,0,1.87,0.75,false,1.69,0.75,unknown,results-verified/astr/logfiles/SV-COMP26_no-runtime-exception.StringExt.yml.log,results-verified/z3/logfiles/SV-COMP26_no-runtime-exception.StringExt.yml.log,sv-benchmarks/java/argv/jfinal/src.main.java.com.jfinal.template.ext.extensionmethod/StringExt/Main.java
StringHelper,0,1,1,0,1,0,1,1.71,0.73,unknown,1.61,0.7,unknown,results-verified/astr/logfiles/SV-COMP26_no-runtime-exception.StringHelper.yml.log,results-verified/z3/logfiles/SV-COMP26_no-runtime-exception.StringHelper.yml.log,sv-benchmarks/java/argv/bindiff/java.zylib.src.main.java.com.google.security.zynamics.zylib.strings/StringHelper/Main.java
StringHelper,0,1,1,0,1,0,1,1.71,0.73,unknown,1.34,0.61,unknown,results-verified/astr/logfiles/SV-COMP26_no-runtime-exception.StringHelper.yml.log,results-verified/z3/logfiles/SV-COMP26_no-runtime-exception.StringHelper.yml.log,sv-benchmarks/java/argv/bindiff/java.zylib.src.main.java.com.google.security.zynamics.zylib.strings/StringHelper/Main.java
StringHelper,0,1,1,0,1,0,1,2.46,1.68,unknown,1.61,0.7,unknown,results-verified/astr/logfiles/SV-COMP26_no-runtime-exception.StringHelper.yml.log,results-verified/z3/logfiles/SV-COMP26_no-runtime-exception.StringHelper.yml.log,sv-benchmarks/java/argv/bindiff/java.zylib.src.main.java.com.google.security.zynamics.zylib.strings/StringHelper/Main.java
StringHelper,0,1,1,0,1,0,1,2.46,1.68,unknown,1.34,0.61,unknown,results-verified/astr/logfiles/SV-COMP26_no-runtime-exception.StringHelper.yml.log,results-verified/z3/logfiles/SV-COMP26_no-runtime-exception.StringHelper.yml.log,sv-benchmarks/java/argv/bindiff/java.zylib.src.main.java.com.google.security.zynamics.zylib.strings/StringHelper/Main.java
StringUtils,40,5,1,0,1,0,1,1.88,0.79,unknown,1.91,0.78,unknown,results-verified/astr/logfiles/SV-COMP26_no-runtime-exception.StringUtils.yml.log,results-verified/z3/logfiles/SV-COMP26_no-runtime-exception.StringUtils.yml.log,sv-benchmarks/java/argv/MaterialFX/materialfx.src.main.java.io.github.palexdev.materialfx.utils/StringUtils/Main.java
StringUtils,40,5,1,0,1,0,1,1.88,0.79,unknown,1.98,0.87,unknown,results-verified/astr/logfiles/SV-COMP26_no-runtime-exception.StringUtils.yml.log,results-verified/z3/logfiles/SV-COMP26_no-runtime-exception.StringUtils.yml.log,sv-benchmarks/java/argv/MaterialFX/materialfx.src.main.java.io.github.palexdev.materialfx.utils/StringUtils/Main.java
StringUtils,40,5,1,0,1,0,1,4.06,2.71,unknown,1.91,0.78,unknown,results-verified/astr/logfiles/SV-COMP26_no-runtime-exception.StringUtils.yml.log,results-verified/z3/logfiles/SV-COMP26_no-runtime-exception.StringUtils.yml.log,sv-benchmarks/java/argv/MaterialFX/materialfx.src.main.java.io.github.palexdev.materialfx.utils/StringUtils/Main.java
StringUtils,40,5,1,0,1,0,1,4.06,2.71,unknown,1.98,0.87,unknown,results-verified/astr/logfiles/SV-COMP26_no-runtime-exception.StringUtils.yml.log,results-verified/z3/logfiles/SV-COMP26_no-runtime-exception.StringUtils.yml.log,sv-benchmarks/java/argv/MaterialFX/materialfx.src.main.java.io.github.palexdev.materialfx.utils/StringUtils/Main.java
SuggestEmojiView,51,4,0,0,1,1,0,1.81,0.77,unknown,1.85,0.81,unknown,results-verified/astr/logfiles/SV-COMP26_no-runtime-exception.SuggestEmojiView.yml.log,results-verified/z3/logfiles/SV-COMP26_no-runtime-exception.SuggestEmojiView.yml.log,sv-benchmarks/java/argv/Nullgram/TMessagesProj.src.main.java.org.telegram.ui.Components/SuggestEmojiView/Main.java
SuggestEmojiView_1,40,4,0,0,1,1,0,1.79,0.77,unknown,1.72,0.75,unknown,results-verified/astr/logfiles/SV-COMP26_no-runtime-exception.SuggestEmojiView_1.yml.log,results-verified/z3/logfiles/SV-COMP26_no-runtime-exception.SuggestEmojiView_1.yml.log,sv-benchmarks/java/argv/chatAir/TMessagesProj.src.main.java.org.telegram.ui.Components/SuggestEmojiView_1/Main.java
SystemProfilerParser,280,6,0,74,4,1,1,1.98,0.98,false,2.17,0.9,unknown,results-verified/astr/logfiles/SV-COMP26_no-runtime-exception.SystemProfilerParser.yml.log,results-verified/z3/logfiles/SV-COMP26_no-runtime-exception.SystemProfilerParser.yml.log,sv-benchmarks/java/argv/Arduino/arduino-core.src.processing.app.macosx/SystemProfilerParser/Main.java
TagRouterAzTest,5467,726,0,574,49,1,0,9.84,7.53,true,4.16,1.51,unknown,results-verified/astr/logfiles/SV-COMP26_no-runtime-exception.TagRouterAzTest.yml.log,results-verified/z3/logfiles/SV-COMP26_no-runtime-exception.TagRouterAzTest.yml.log,sv-benchmarks/java/argv/Sermant/sermant-integration-tests.spring-test.spring-integration-test.src.test.java.io.sermant.integration.router/TagRouterAzTest/Main.java
TagRouterTest,934,118,0,454,118,0,0,4.28,1.97,true,5.16,1.76,true,results-verified/astr/logfiles/SV-COMP26_no-runtime-exception.TagRouterTest.yml.log,results-verified/z3/logfiles/SV-COMP26_no-runtime-exception.TagRouterTest.yml.log,sv-benchmarks/java/argv/Sermant/sermant-integration-tests.spring-test.spring-integration-test.src.test.java.io.sermant.integration.router/TagRouterTest/Main.java
TaintMethodAdapter,31,3,0,0,1,1,0,1.67,0.73,unknown,1.73,0.73,unknown,results-verified/astr/logfiles/SV-COMP26_no-runtime-exception.TaintMethodAdapter.yml.log,results-verified/z3/logfiles/SV-COMP26_no-runtime-exception.TaintMethodAdapter.yml.log,sv-benchmarks/java/argv/jar-analyzer/src.main.java.me.n1ar4.jar.analyzer.taint/TaintMethodAdapter/Main.java
TestLimitQuery,3939,16,0,44258,93,0,0,60.42,59.72,TIMEOUT,60.04,45.46,TIMEOUT,results-verified/astr/logfiles/SV-COMP26_no-runtime-exception.TestLimitQuery.yml.log,results-verified/z3/logfiles/SV-COMP26_no-runtime-exception.TestLimitQuery.yml.log,sv-benchmarks/java/argv/ebean/ebean-test.src.test.java.org.tests.basic/TestLimitQuery/Main.java
TestTagProjection,6667,724,0,0,1,1,1,11.94,8.91,true,1.74,0.75,unknown,results-verified/astr/logfiles/SV-COMP26_no-runtime-exception.TestTagProjection.yml.log,results-verified/z3/logfiles/SV-COMP26_no-runtime-exception.TestTagProjection.yml.log,sv-benchmarks/java/argv/CoreNLP/src.edu.stanford.nlp.parser.lexparser/TestTagProjection/Main.java
TokenMgrError,346,38,1,0,1,1,0,2.44,1.18,unknown,1.81,0.78,unknown,results-verified/astr/logfiles/SV-COMP26_no-runtime-exception.TokenMgrError.yml.log,results-verified/z3/logfiles/SV-COMP26_no-runtime-exception.TokenMgrError.yml.log,sv-benchmarks/java/argv/CoreNLP/src.edu.stanford.nlp.ling.tokensregex.parser/TokenMgrError/Main.java
TokenMgrError_1,366,38,1,0,1,1,0,2.43,1.21,unknown,1.88,0.78,unknown,results-verified/astr/logfiles/SV-COMP26_no-runtime-exception.TokenMgrError_1.yml.log,results-verified/z3/logfiles/SV-COMP26_no-runtime-exception.TokenMgrError_1.yml.log,sv-benchmarks/java/argv/CoreNLP/src.edu.stanford.nlp.semgraph.semgrex/TokenMgrError_1/Main.java
TokenMgrError_2,387,38,1,0,1,1,0,2.64,1.27,unknown,1.74,0.75,unknown,results-verified/astr/logfiles/SV-COMP26_no-runtime-exception.TokenMgrError_2.yml.log,results-verified/z3/logfiles/SV-COMP26_no-runtime-exception.TokenMgrError_2.yml.log,sv-benchmarks/java/argv/CoreNLP/src.edu.stanford.nlp.trees.tregex.tsurgeon/TokenMgrError_2/Main.java
TokenMgrError_3,375,38,1,0,1,1,0,2.58,1.23,unknown,1.79,0.78,unknown,results-verified/astr/logfiles/SV-COMP26_no-runtime-exception.TokenMgrError_3.yml.log,results-verified/z3/logfiles/SV-COMP26_no-runtime-exception.TokenMgrError_3.yml.log,sv-benchmarks/java/argv/CoreNLP/src.edu.stanford.nlp.trees.tregex/TokenMgrError_3/Main.java
TokenMgrError_4,380,43,1,0,1,1,0,2.44,1.21,unknown,1.62,0.71,unknown,results-verified/astr/logfiles/SV-COMP26_no-runtime-exception.TokenMgrError_4.yml.log,results-verified/z3/logfiles/SV-COMP26_no-runtime-exception.TokenMgrError_4.yml.log,sv-benchmarks/java/argv/freemarker/freemarker-core.src.main.java.freemarker.core/TokenMgrError_4/Main.java
TokenMgrError_5,498,43,1,0,1,1,0,2.84,1.39,unknown,1.81,0.78,unknown,results-verified/astr/logfiles/SV-COMP26_no-runtime-exception.TokenMgrError_5.yml.log,results-verified/z3/logfiles/SV-COMP26_no-runtime-exception.TokenMgrError_5.yml.log,sv-benchmarks/java/argv/owlapi/compatibility.src.main.java.org.coode.owlapi.obo12.parser/TokenMgrError_5/Main.java
Tooltip,25,1,0,22,1,0,0,1.64,0.69,unknown,1.71,0.76,unknown,results-verified/astr/logfiles/SV-COMP26_no-runtime-exception.Tooltip.yml.log,results-verified/z3/logfiles/SV-COMP26_no-runtime-exception.Tooltip.yml.log,sv-benchmarks/java/argv/delverengine/core.src.main.java.com.interrupt.dungeoneer.ui/Tooltip/Main.java
TreeCollinizer,0,1,1,0,1,1,0,1.67,0.74,unknown,1.69,0.73,unknown,results-verified/astr/logfiles/SV-COMP26_no-runtime-exception.TreeCollinizer.yml.log,results-verified/z3/logfiles/SV-COMP26_no-runtime-exception.TreeCollinizer.yml.log,sv-benchmarks/java/argv/CoreNLP/src.edu.stanford.nlp.parser.lexparser/TreeCollinizer/Main.java
TriggeredWarp,62,4,0,0,1,1,0,1.82,0.76,true,1.64,0.72,unknown,results-verified/astr/logfiles/SV-COMP26_no-runtime-exception.TriggeredWarp.yml.log,results-verified/z3/logfiles/SV-COMP26_no-runtime-exception.TriggeredWarp.yml.log,sv-benchmarks/java/argv/delverengine/core.src.main.java.com.interrupt.dungeoneer.entities.triggers/TriggeredWarp/Main.java
TrueTypeFontUnicode,28,1,1,17,1,1,0,1.7,0.73,unknown,1.94,0.77,unknown,results-verified/astr/logfiles/SV-COMP26_no-runtime-exception.TrueTypeFontUnicode.yml.log,results-verified/z3/logfiles/SV-COMP26_no-runtime-exception.TrueTypeFontUnicode.yml.log,sv-benchmarks/java/argv/OpenPDF/openpdf-core.src.main.java.org.openpdf.text.pdf/TrueTypeFontUnicode/Main.java
TtmlNode,20351,2520,0,24,3,1,0,31.54,27.78,true,1.96,0.8,unknown,results-verified/astr/logfiles/SV-COMP26_no-runtime-exception.TtmlNode.yml.log,results-verified/z3/logfiles/SV-COMP26_no-runtime-exception.TtmlNode.yml.log,sv-benchmarks/java/argv/Nullgram/TMessagesProj.src.main.java.com.google.android.exoplayer2.text.ttml/TtmlNode/Main.java
TtmlNode_1,21629,2520,0,23,3,1,0,33.14,29.34,true,1.91,0.8,unknown,results-verified/astr/logfiles/SV-COMP26_no-runtime-exception.TtmlNode_1.yml.log,results-verified/z3/logfiles/SV-COMP26_no-runtime-exception.TtmlNode_1.yml.log,sv-benchmarks/java/argv/chatAir/TMessagesProj.src.main.java.com.google.android.exoplayer2.text.ttml/TtmlNode_1/Main.java
URLUTF8Encoder,0,1,1,0,1,2,1,1.6,0.72,unknown,1.75,0.75,unknown,results-verified/astr/logfiles/SV-COMP26_no-runtime-exception.URLUTF8Encoder.yml.log,results-verified/z3/logfiles/SV-COMP26_no-runtime-exception.URLUTF8Encoder.yml.log,sv-benchmarks/java/argv/OpenPDF/openpdf-html.src.main.java.org.openpdf.simple.extend/URLUTF8Encoder/Main.java
UnvalidatedForwardsLessonIT,159,16,0,44229,409,0,0,60.45,59.44,TIMEOUT,60.45,46.31,TIMEOUT,results-verified/astr/logfiles/SV-COMP26_no-runtime-exception.UnvalidatedForwardsLessonIT.yml.log,results-verified/z3/logfiles/SV-COMP26_no-runtime-exception.UnvalidatedForwardsLessonIT.yml.log,sv-benchmarks/java/argv/SecurityShepherd/src.it.java.servlets.module.lesson/UnvalidatedForwardsLessonIT/Main.java
UploaderProgressBar,26,1,0,50,1,0,1,1.53,0.68,unknown,1.68,0.73,unknown,results-verified/astr/logfiles/SV-COMP26_no-runtime-exception.UploaderProgressBar.yml.log,results-verified/z3/logfiles/SV-COMP26_no-runtime-exception.UploaderProgressBar.yml.log,sv-benchmarks/java/argv/document-management-system/src.main.java.com.openkm.frontend.client.widget.filebrowser.uploader/UploaderProgressBar/Main.java
UriUtil,58,4,0,0,1,1,0,1.96,0.85,unknown,1.97,0.84,unknown,results-verified/astr/logfiles/SV-COMP26_no-runtime-exception.UriUtil.yml.log,results-verified/z3/logfiles/SV-COMP26_no-runtime-exception.UriUtil.yml.log,sv-benchmarks/java/argv/CatVodSpider/app.src.main.java.com.github.catvod.utils/UriUtil/Main.java
UriUtil_1,51,4,0,0,1,1,0,2.01,0.86,unknown,1.91,0.83,unknown,results-verified/astr/logfiles/SV-COMP26_no-runtime-exception.UriUtil_1.yml.log,results-verified/z3/logfiles/SV-COMP26_no-runtime-exception.UriUtil_1.yml.log,sv-benchmarks/java/argv/Nullgram/TMessagesProj.src.main.java.com.google.android.exoplayer2.util/UriUtil_1/Main.java
UriUtil_2,46,4,0,0,1,1,0,2.11,0.88,unknown,1.91,0.8,unknown,results-verified/astr/logfiles/SV-COMP26_no-runtime-exception.UriUtil_2.yml.log,results-verified/z3/logfiles/SV-COMP26_no-runtime-exception.UriUtil_2.yml.log,sv-benchmarks/java/argv/chatAir/TMessagesProj.src.main.java.com.google.android.exoplayer2.util/UriUtil_2/Main.java
UrlBuilder,60,5,0,22,3,1,0,2.02,0.79,unknown,2.06,0.83,unknown,results-verified/astr/logfiles/SV-COMP26_no-runtime-exception.UrlBuilder.yml.log,results-verified/z3/logfiles/SV-COMP26_no-runtime-exception.UrlBuilder.yml.log,sv-benchmarks/java/argv/docker-maven-plugin/src.main.java.io.fabric8.maven.docker.access/UrlBuilder/Main.java
UrlInfo,0,1,1,0,1,1,0,1.7,0.73,unknown,1.75,0.74,unknown,results-verified/astr/logfiles/SV-COMP26_no-runtime-exception.UrlInfo.yml.log,results-verified/z3/logfiles/SV-COMP26_no-runtime-exception.UrlInfo.yml.log,sv-benchmarks/java/argv/jar-analyzer/agent.src.main.java.com.n1ar4.agent.dto/UrlInfo/Main.java
UrlInfo_1,0,1,1,0,1,1,0,1.68,0.72,unknown,1.56,0.69,unknown,results-verified/astr/logfiles/SV-COMP26_no-runtime-exception.UrlInfo_1.yml.log,results-verified/z3/logfiles/SV-COMP26_no-runtime-exception.UrlInfo_1.yml.log,sv-benchmarks/java/argv/jar-analyzer/src.main.java.com.n1ar4.agent.dto/UrlInfo_1/Main.java
UrlUtils,52,3,0,89,3,0,1,1.64,0.71,unknown,1.99,0.81,unknown,results-verified/astr/logfiles/SV-COMP26_no-runtime-exception.UrlUtils.yml.log,results-verified/z3/logfiles/SV-COMP26_no-runtime-exception.UrlUtils.yml.log,sv-benchmarks/java/argv/DataSphereStudio/dss-git.dss-git-common.src.main.java.com.webank.wedatasphere.dss.git.common.protocol.util/UrlUtils/Main.java
UrlUtils_2,2856,178,0,25,3,1,0,5.87,4.25,true,1.75,0.75,unknown,results-verified/astr/logfiles/SV-COMP26_no-runtime-exception.UrlUtils_2.yml.log,results-verified/z3/logfiles/SV-COMP26_no-runtime-exception.UrlUtils_2.yml.log,sv-benchmarks/java/argv/zfile/src.main.java.im.zhaojun.zfile.core.util/UrlUtils_2/Main.java
UtilLocation,0,1,1,0,1,1,0,1.7,0.72,unknown,1.79,0.77,unknown,results-verified/astr/logfiles/SV-COMP26_no-runtime-exception.UtilLocation.yml.log,results-verified/z3/logfiles/SV-COMP26_no-runtime-exception.UtilLocation.yml.log,sv-benchmarks/java/argv/ebean/ebean-core.src.main.java.io.ebeaninternal.server.profile/UtilLocation/Main.java
V09Support,0,1,1,0,1,1,0,1.68,0.71,unknown,1.68,0.71,unknown,results-verified/astr/logfiles/SV-COMP26_no-runtime-exception.V09Support.yml.log,results-verified/z3/logfiles/SV-COMP26_no-runtime-exception.V09Support.yml.log,sv-benchmarks/java/argv/glowroot/central.src.main.java.org.glowroot.central.v09support/V09Support/Main.java
VelocityTool,59,4,0,0,1,0,1,1.94,0.82,unknown,1.76,0.74,unknown,results-verified/astr/logfiles/SV-COMP26_no-runtime-exception.VelocityTool.yml.log,results-verified/z3/logfiles/SV-COMP26_no-runtime-exception.VelocityTool.yml.log,sv-benchmarks/java/argv/leetcode-editor/src.main.java.com.shuzijun.leetcode.plugin.utils/VelocityTool/Main.java
VersionComparator,40,2,1,19,2,1,0,1.6,0.68,unknown,1.75,0.76,unknown,results-verified/astr/logfiles/SV-COMP26_no-runtime-exception.VersionComparator.yml.log,results-verified/z3/logfiles/SV-COMP26_no-runtime-exception.VersionComparator.yml.log,sv-benchmarks/java/argv/document-management-system/src.main.java.com.openkm.util.impexp/VersionComparator/Main.java
VersionParser,53,4,0,54,2,1,0,1.66,0.73,true,1.92,0.8,unknown,results-verified/astr/logfiles/SV-COMP26_no-runtime-exception.VersionParser.yml.log,results-verified/z3/logfiles/SV-COMP26_no-runtime-exception.VersionParser.yml.log,sv-benchmarks/java/argv/BilibiliDown/src.nicelee.bilibili.parsers.impl/VersionParser/Main.java
ViewMetaParser,54568,881,0,541,60,1,0,60.63,57.55,TIMEOUT,4.57,1.63,unknown,results-verified/astr/logfiles/SV-COMP26_no-runtime-exception.ViewMetaParser.yml.log,results-verified/z3/logfiles/SV-COMP26_no-runtime-exception.ViewMetaParser.yml.log,sv-benchmarks/java/argv/dble/src.main.java.com.actiontech.dble.meta/ViewMetaParser/Main.java
WebDAV,45,3,0,29,3,0,5,1.69,0.72,false,1.97,0.8,false,results-verified/astr/logfiles/SV-COMP26_no-runtime-exception.WebDAV.yml.log,results-verified/z3/logfiles/SV-COMP26_no-runtime-exception.WebDAV.yml.log,sv-benchmarks/java/argv/CatVodSpider/app.src.main.java.com.github.catvod.spider/WebDAV/Main.java
WebappProperty,35,3,0,41,7,1,0,1.77,0.75,unknown,1.92,0.8,unknown,results-verified/astr/logfiles/SV-COMP26_no-runtime-exception.WebappProperty.yml.log,results-verified/z3/logfiles/SV-COMP26_no-runtime-exception.WebappProperty.yml.log,sv-benchmarks/java/argv/camunda-bpm-platform/spring-boot-starter.starter.src.main.java.org.camunda.bpm.spring.boot.starter.property/WebappProperty/Main.java
Wenku8Parser,229,12,0,0,1,1,0,2.35,1.06,true,1.74,0.72,unknown,results-verified/astr/logfiles/SV-COMP26_no-runtime-exception.Wenku8Parser.yml.log,results-verified/z3/logfiles/SV-COMP26_no-runtime-exception.Wenku8Parser.yml.log,sv-benchmarks/java/argv/light-novel-library_Wenku8_Android/studio-android.LightNovelLibrary.app.src.main.java.org.mewx.wenku8.global.api/Wenku8Parser/Main.java
XRYKeyValuePair,0,1,1,0,1,0,0,1.58,0.68,unknown,1.63,0.69,unknown,results-verified/astr/logfiles/SV-COMP26_no-runtime-exception.XRYKeyValuePair.yml.log,results-verified/z3/logfiles/SV-COMP26_no-runtime-exception.XRYKeyValuePair.yml.log,sv-benchmarks/java/argv/autopsy/Core.src.org.sleuthkit.autopsy.datasourceprocessors.xry/XRYKeyValuePair/Main.java
XssFilter,28,2,1,31,2,1,0,1.68,0.71,unknown,1.73,0.74,unknown,results-verified/astr/logfiles/SV-COMP26_no-runtime-exception.XssFilter.yml.log,results-verified/z3/logfiles/SV-COMP26_no-runtime-exception.XssFilter.yml.log,sv-benchmarks/java/argv/SecurityShepherd/src.main.java.utils/XssFilter/Main.java
XssLessonIT,133,12,0,43954,178,0,0,60.45,59.46,TIMEOUT,60.31,45.5,TIMEOUT,results-verified/astr/logfiles/SV-COMP26_no-runtime-exception.XssLessonIT.yml.log,results-verified/z3/logfiles/SV-COMP26_no-runtime-exception.XssLessonIT.yml.log,sv-benchmarks/java/argv/SecurityShepherd/src.it.java.servlets.module.lesson/XssLessonIT/Main.java
YamlFrontMatterBlockParser,30,2,1,34,6,1,0,1.71,0.73,unknown,1.77,0.76,unknown,results-verified/astr/logfiles/SV-COMP26_no-runtime-exception.YamlFrontMatterBlockParser.yml.log,results-verified/z3/logfiles/SV-COMP26_no-runtime-exception.YamlFrontMatterBlockParser.yml.log,sv-benchmarks/java/argv/commonmark-java/commonmark-ext-yaml-front-matter.src.main.java.org.commonmark.ext.front.matter.internal/YamlFrontMatterBlockParser/Main.java
YarnUtils,86,5,1,38,4,1,0,1.79,0.78,unknown,1.79,0.75,unknown,results-verified/astr/logfiles/SV-COMP26_no-runtime-exception.YarnUtils.yml.log,results-verified/z3/logfiles/SV-COMP26_no-runtime-exception.YarnUtils.yml.log,sv-benchmarks/java/argv/datavines/datavines-common.src.main.java.io.datavines.common.utils/YarnUtils/Main.java
Z85,0,1,0,0,1,0,1,2.92,1.96,unknown,2.96,1.99,unknown,results-verified/astr/logfiles/SV-COMP26_no-runtime-exception.Z85.yml.log,results-verified/z3/logfiles/SV-COMP26_no-runtime-exception.Z85.yml.log,sv-benchmarks/java/argv/jeromq/jeromq-core.src.main.java.zmq.util/Z85/Main.java
ZProxy,22110,2847,0,0,1,1,0,61.88,54.78,TIMEOUT,1.85,0.78,unknown,results-verified/astr/logfiles/SV-COMP26_no-runtime-exception.ZProxy.yml.log,results-verified/z3/logfiles/SV-COMP26_no-runtime-exception.ZProxy.yml.log,sv-benchmarks/java/argv/jeromq/jeromq-core.src.main.java.org.zeromq/ZProxy/Main.java
ZkInstanceListenable,27,1,1,18,1,1,0,1.56,0.69,unknown,1.62,0.69,unknown,results-verified/astr/logfiles/SV-COMP26_no-runtime-exception.ZkInstanceListenable.yml.log,results-verified/z3/logfiles/SV-COMP26_no-runtime-exception.ZkInstanceListenable.yml.log,sv-benchmarks/java/argv/Sermant/sermant-plugins.sermant-springboot-registry.springboot-registry-service.src.main.java.io.sermant.discovery.service.lb.discovery.zk.listen/ZkInstanceListenable/Main.java
ZkSender,59,4,0,27,3,1,0,1.62,0.7,true,1.7,0.71,unknown,results-verified/astr/logfiles/SV-COMP26_no-runtime-exception.ZkSender.yml.log,results-verified/z3/logfiles/SV-COMP26_no-runtime-exception.ZkSender.yml.log,sv-benchmarks/java/argv/dble/src.main.java.com.actiontech.dble.cluster.zkprocess/ZkSender/Main.java
ZooKeeperDynamicConfigService,0,1,1,0,1,0,1,1.54,0.67,unknown,1.66,0.71,unknown,results-verified/astr/logfiles/SV-COMP26_no-runtime-exception.ZooKeeperDynamicConfigService.yml.log,results-verified/z3/logfiles/SV-COMP26_no-runtime-exception.ZooKeeperDynamicConfigService.yml.log,sv-benchmarks/java/argv/Sermant/sermant-agentcore.sermant-agentcore-implement.src.main.java.io.sermant.implement.service.dynamicconfig.zookeeper/ZooKeeperDynamicConfigService/Main.java
poorAuth2_Main,48,3,0,20,2,1,0,1.67,0.71,false,1.62,0.71,unknown,results-verified/astr/logfiles/SV-COMP26_no-runtime-exception.poorAuth2_Main.yml.log,results-verified/z3/logfiles/SV-COMP26_no-runtime-exception.poorAuth2_Main.yml.log,sv-benchmarks/java/argv/SecurityShepherd/src.MobileShepherd.MobileShepherd.app.src.main.java.com.mobshep.mobileshepherd/poorAuth2_Main/Main.java
BooleanFormatter,365,11,0,402,11,0,0,3.69,2.42,false,3.27,1.21,false,results-verified/astr/logfiles/SV-COMP26_no-runtime-exception.BooleanFormatter.yml.log,results-verified/z3/logfiles/SV-COMP26_no-runtime-exception.BooleanFormatter.yml.log,sv-benchmarks/java/argv/alero/java-simple-utils.java-simple-utils-master.simple-java-utils.i18n.src.main.java.org.hrodberaht.i18n.formatter/BooleanFormatter/Main.java
Buscador,429,35,0,0,1,2,0,3.34,1.59,false,2.16,0.91,unknown,results-verified/astr/logfiles/SV-COMP26_no-runtime-exception.Buscador.yml.log,results-verified/z3/logfiles/SV-COMP26_no-runtime-exception.Buscador.yml.log,sv-benchmarks/java/argv/rubenVillca/BuscadorTexto.BuscadorTexto-master.BuscadorTexto.src.controlador/Buscador/Main.java
ClassOverride,28500,3,0,31,3,0,1,24.1,39.07,unknown,1.84,0.78,unknown,results-verified/astr/logfiles/SV-COMP26_no-runtime-exception.ClassOverride.yml.log,results-verified/z3/logfiles/SV-COMP26_no-runtime-exception.ClassOverride.yml.log,sv-benchmarks/java/argv/MikeLydeamore/CoFHCore.CoFHCore-master.src.main.java.cofh.asm/ClassOverride/Main.java
ConEmpresas,30,2,1,22,2,1,0,1.94,0.78,unknown,2.19,0.89,unknown,results-verified/astr/logfiles/SV-COMP26_no-runtime-exception.ConEmpresas.yml.log,results-verified/z3/logfiles/SV-COMP26_no-runtime-exception.ConEmpresas.yml.log,sv-benchmarks/java/argv/ricardocaldeira/ProjetoIntegradorIesbOeste.ProjetoIntegradorIesbOeste-master.Spic.src.controle/ConEmpresas/Main.java
ControlUnit,3096,156,0,156,1225,0,0,7.24,5.18,true,9.45,2.99,true,results-verified/astr/logfiles/SV-COMP26_no-runtime-exception.ControlUnit.yml.log,results-verified/z3/logfiles/SV-COMP26_no-runtime-exception.ControlUnit.yml.log,sv-benchmarks/java/argv/lydiaSidhom/ca-us.ca-us-master.Engine/ControlUnit/Main.java
CountQueryGenerator,119,2,0,214,6,2,0,3.18,2.11,true,2.83,1.12,unknown,results-verified/astr/logfiles/SV-COMP26_no-runtime-exception.CountQueryGenerator.yml.log,results-verified/z3/logfiles/SV-COMP26_no-runtime-exception.CountQueryGenerator.yml.log,sv-benchmarks/java/argv/TymchenkoIvan/study.WebShop-master.src.main.java.com.company.util.count/CountQueryGenerator/Main.java
CurrentWeather,627,20,0,289,20,0,0,5.81,3.5,true,3.82,1.32,true,results-verified/astr/logfiles/SV-COMP26_no-runtime-exception.CurrentWeather.yml.log,results-verified/z3/logfiles/SV-COMP26_no-runtime-exception.CurrentWeather.yml.log,sv-benchmarks/java/argv/Superjisan/Stormy.Stormy-master.app.src.main.java.superjisan.com.stormy/CurrentWeather/Main.java
DefaultBeanComputationStrategy,72,3,0,19,2,1,1,1.84,0.78,unknown,1.98,0.81,unknown,results-verified/astr/logfiles/SV-COMP26_no-runtime-exception.DefaultBeanComputationStrategy.yml.log,results-verified/z3/logfiles/SV-COMP26_no-runtime-exception.DefaultBeanComputationStrategy.yml.log,sv-benchmarks/java/argv/wpradnyana/acceleo-jee.acceleo-jee-master.org.acceleo.module.pim.uml21.gen.java.spring.migrated.src.org.acceleo.module.pim.uml21.gen.java.spring.services/DefaultBeanComputationStrategy/Main.java
DirectoryManager,353,14,0,0,1,2,0,4.73,4.76,false,1.84,0.79,unknown,results-verified/astr/logfiles/SV-COMP26_no-runtime-exception.DirectoryManager.yml.log,results-verified/z3/logfiles/SV-COMP26_no-runtime-exception.DirectoryManager.yml.log,sv-benchmarks/java/argv/JsonHunt/mobile-app-scaffolding.mobile-app-scaffolding-master.mobile.platforms.android.CordovaLib.src.org.apache.cordova/DirectoryManager/Main.java
DownloadJiraItemList,0,1,1,0,1,1,0,1.9,0.79,unknown,2.48,1.06,unknown,results-verified/astr/logfiles/SV-COMP26_no-runtime-exception.DownloadJiraItemList.yml.log,results-verified/z3/logfiles/SV-COMP26_no-runtime-exception.DownloadJiraItemList.yml.log,sv-benchmarks/java/argv/tynx/JiraGDriveSync.JiraGDriveSync-master.src.JiraGDriveSync.Tasks/DownloadJiraItemList/Main.java
EatGatePlaceService,0,1,1,0,1,1,0,3.67,1.98,unknown,1.94,0.78,unknown,results-verified/astr/logfiles/SV-COMP26_no-runtime-exception.EatGatePlaceService.yml.log,results-verified/z3/logfiles/SV-COMP26_no-runtime-exception.EatGatePlaceService.yml.log,sv-benchmarks/java/argv/Shidachi2805/CC_EatGateAndroidApp.CC_EatGateAndroidApp-master.app.src.main.java.de.eatgate.placessearch.deprecated/EatGatePlaceService/Main.java
EndingAndNo123SymbolBefore,297,12,0,0,1,2,0,3.43,2.22,true,2.01,0.87,unknown,results-verified/astr/logfiles/SV-COMP26_no-runtime-exception.EndingAndNo123SymbolBefore.yml.log,results-verified/z3/logfiles/SV-COMP26_no-runtime-exception.EndingAndNo123SymbolBefore.yml.log,sv-benchmarks/java/argv/hosain-fouad/ArabicBraille.ArabicBraille-master.src.main.java.rules/EndingAndNo123SymbolBefore/Main.java
EnglishAudioReflector,43,2,0,32,3,2,0,1.79,0.75,true,2.54,1.03,unknown,results-verified/astr/logfiles/SV-COMP26_no-runtime-exception.EnglishAudioReflector.yml.log,results-verified/z3/logfiles/SV-COMP26_no-runtime-exception.EnglishAudioReflector.yml.log,sv-benchmarks/java/argv/vtch99/WeChat-Bus-Audio-App.WeChat-Bus-Audio-App-master.src.main.java.com.tyan.ba.wechat.msg.controller/EnglishAudioReflector/Main.java
ExcelSheetColumnNumber,0,1,0,0,1,0,1,1.73,0.72,unknown,1.88,0.85,unknown,results-verified/astr/logfiles/SV-COMP26_no-runtime-exception.ExcelSheetColumnNumber.yml.log,results-verified/z3/logfiles/SV-COMP26_no-runtime-exception.ExcelSheetColumnNumber.yml.log,sv-benchmarks/java/argv/zyq001/leetcode.leetcode-master.edu.bupt.zyq/ExcelSheetColumnNumber/Main.java
FileHelper,284,2,1,24,2,2,0,3.61,3.02,unknown,1.8,0.77,unknown,results-verified/astr/logfiles/SV-COMP26_no-runtime-exception.FileHelper.yml.log,results-verified/z3/logfiles/SV-COMP26_no-runtime-exception.FileHelper.yml.log,sv-benchmarks/java/argv/JsonHunt/mobile-app-scaffolding.mobile-app-scaffolding-master.mobile.platforms.android.CordovaLib.src.org.apache.cordova/FileHelper/Main.java
FileUtils,100,2,0,0,1,2,0,1.77,0.74,false,1.89,0.78,false,results-verified/astr/logfiles/SV-COMP26_no-runtime-exception.FileUtils.yml.log,results-verified/z3/logfiles/SV-COMP26_no-runtime-exception.FileUtils.yml.log,sv-benchmarks/java/argv/Sermant/sermant-agentcore.sermant-agentcore-core.src.main.java.io.sermant.core.utils/FileUtils/Main.java
FileUtils,100,2,0,0,1,2,0,1.77,0.74,false,1.88,0.86,unknown,results-verified/astr/logfiles/SV-COMP26_no-runtime-exception.FileUtils.yml.log,results-verified/z3/logfiles/SV-COMP26_no-runtime-exception.FileUtils.yml.log,sv-benchmarks/java/argv/Sermant/sermant-agentcore.sermant-agentcore-core.src.main.java.io.sermant.core.utils/FileUtils/Main.java
FileUtils,100,2,0,0,1,2,0,3.56,2.31,unknown,1.89,0.78,false,results-verified/astr/logfiles/SV-COMP26_no-runtime-exception.FileUtils.yml.log,results-verified/z3/logfiles/SV-COMP26_no-runtime-exception.FileUtils.yml.log,sv-benchmarks/java/argv/Sermant/sermant-agentcore.sermant-agentcore-core.src.main.java.io.sermant.core.utils/FileUtils/Main.java
FileUtils,100,2,0,0,1,2,0,3.56,2.31,unknown,1.88,0.86,unknown,results-verified/astr/logfiles/SV-COMP26_no-runtime-exception.FileUtils.yml.log,results-verified/z3/logfiles/SV-COMP26_no-runtime-exception.FileUtils.yml.log,sv-benchmarks/java/argv/Sermant/sermant-agentcore.sermant-agentcore-core.src.main.java.io.sermant.core.utils/FileUtils/Main.java
Forecast,456,20,0,311,20,0,0,3.89,2.15,true,2.95,1.12,true,results-verified/astr/logfiles/SV-COMP26_no-runtime-exception.Forecast.yml.log,results-verified/z3/logfiles/SV-COMP26_no-runtime-exception.Forecast.yml.log,sv-benchmarks/java/argv/jogold9/WeatherBuddy.WeatherBuddy-master.app.src.main.java.com.joshbgold.WeatherBuddy/Forecast/Main.java
GDriveClient,42,4,0,0,1,1,1,1.81,0.79,unknown,2.57,1.16,unknown,results-verified/astr/logfiles/SV-COMP26_no-runtime-exception.GDriveClient.yml.log,results-verified/z3/logfiles/SV-COMP26_no-runtime-exception.GDriveClient.yml.log,sv-benchmarks/java/argv/tynx/JiraGDriveSync.JiraGDriveSync-master.src.GDriveClient/GDriveClient/Main.java
GithubScanner,0,1,1,0,1,2,0,3.25,2.05,unknown,1.99,0.83,unknown,results-verified/astr/logfiles/SV-COMP26_no-runtime-exception.GithubScanner.yml.log,results-verified/z3/logfiles/SV-COMP26_no-runtime-exception.GithubScanner.yml.log,sv-benchmarks/java/argv/jimmikristensen/asciidoc-archive-ws.asciidoc-archive-ws-master.src.main.java.dk.jimmikristensen.aaws.domain.github/GithubScanner/Main.java
GlobUtils,684,28,0,0,1,1,1,4.73,3.07,unknown,2.08,0.87,unknown,results-verified/astr/logfiles/SV-COMP26_no-runtime-exception.GlobUtils.yml.log,results-verified/z3/logfiles/SV-COMP26_no-runtime-exception.GlobUtils.yml.log,sv-benchmarks/java/argv/compgen-io/compgen-common.compgen-common-master.src.java.io.compgen.common/GlobUtils/Main.java
Grade1Translator,92,2,0,23,2,2,0,3.26,1.87,true,2.05,0.85,unknown,results-verified/astr/logfiles/SV-COMP26_no-runtime-exception.Grade1Translator.yml.log,results-verified/z3/logfiles/SV-COMP26_no-runtime-exception.Grade1Translator.yml.log,sv-benchmarks/java/argv/hosain-fouad/ArabicBraille.ArabicBraille-master.src.main.java.translators/Grade1Translator/Main.java
HMAC,83,2,0,20,2,0,1,3.04,1.84,unknown,2.13,0.89,unknown,results-verified/astr/logfiles/SV-COMP26_no-runtime-exception.HMAC.yml.log,results-verified/z3/logfiles/SV-COMP26_no-runtime-exception.HMAC.yml.log,sv-benchmarks/java/argv/loosebruce/hmac_base64.java.hmac_base64.java-master.src.main.java.helper/HMAC/Main.java
HTTPPost,0,1,1,0,1,1,0,1.84,0.75,unknown,1.98,0.81,unknown,results-verified/astr/logfiles/SV-COMP26_no-runtime-exception.HTTPPost.yml.log,results-verified/z3/logfiles/SV-COMP26_no-runtime-exception.HTTPPost.yml.log,sv-benchmarks/java/argv/zlim/scimark2.scimark2-master.src.java.jnt.Bench/HTTPPost/Main.java
HeaderParser,165,4,1,0,1,2,0,4.26,4.66,unknown,1.71,0.73,unknown,results-verified/astr/logfiles/SV-COMP26_no-runtime-exception.HeaderParser.yml.log,results-verified/z3/logfiles/SV-COMP26_no-runtime-exception.HeaderParser.yml.log,sv-benchmarks/java/argv/JsonHunt/mobile-app-scaffolding.mobile-app-scaffolding-master.mobile.platforms.android.CordovaLib.src.com.squareup.okhttp.internal.http/HeaderParser/Main.java
HistoryDatManager,102,3,1,13402,11,0,1,3.14,2.02,unknown,23.02,14.19,unknown,results-verified/astr/logfiles/SV-COMP26_no-runtime-exception.HistoryDatManager.yml.log,results-verified/z3/logfiles/SV-COMP26_no-runtime-exception.HistoryDatManager.yml.log,sv-benchmarks/java/argv/konaboy32/feelingluckylauncher.feelingluckylauncher-master.src/HistoryDatManager/Main.java
IRCModeParser,42057,1852,0,0,1,1,1,60.89,55.68,TIMEOUT,2.29,0.96,unknown,results-verified/astr/logfiles/SV-COMP26_no-runtime-exception.IRCModeParser.yml.log,results-verified/z3/logfiles/SV-COMP26_no-runtime-exception.IRCModeParser.yml.log,sv-benchmarks/java/argv/java-irclib/irclib.irclib-master.src.main.java.org.schwering.irc.lib.util/IRCModeParser/Main.java
IRCUtil,221,9,0,0,1,1,1,3.76,2.51,unknown,2.07,0.87,unknown,results-verified/astr/logfiles/SV-COMP26_no-runtime-exception.IRCUtil.yml.log,results-verified/z3/logfiles/SV-COMP26_no-runtime-exception.IRCUtil.yml.log,sv-benchmarks/java/argv/java-irclib/irclib.irclib-master.src.main.java.org.schwering.irc.lib.util/IRCUtil/Main.java
Init,28,1,0,22,1,0,1,1.92,0.8,unknown,1.95,0.85,unknown,results-verified/astr/logfiles/SV-COMP26_no-runtime-exception.Init.yml.log,results-verified/z3/logfiles/SV-COMP26_no-runtime-exception.Init.yml.log,sv-benchmarks/java/argv/mathewreny/ARM230Compiler.ARM230Compiler-master.BuildApril14th.Program_Files.edu.unl.cse/Init/Main.java
InitMIF,99,5,0,20,2,2,0,3.29,1.55,false,2.07,0.87,unknown,results-verified/astr/logfiles/SV-COMP26_no-runtime-exception.InitMIF.yml.log,results-verified/z3/logfiles/SV-COMP26_no-runtime-exception.InitMIF.yml.log,sv-benchmarks/java/argv/mathewreny/ARM230Compiler.ARM230Compiler-master.Build415.Program_Files.edu.unl.cse/InitMIF/Main.java
InitMIFWIN,61,3,0,22,3,0,0,2.0,0.8,false,2.2,0.92,false,results-verified/astr/logfiles/SV-COMP26_no-runtime-exception.InitMIFWIN.yml.log,results-verified/z3/logfiles/SV-COMP26_no-runtime-exception.InitMIFWIN.yml.log,sv-benchmarks/java/argv/mathewreny/ARM230Compiler.ARM230Compiler-master.BuildApril14th.Program_Files.edu.unl.cse/InitMIFWIN/Main.java
InitMIFWIN_1,51,3,0,26,3,0,0,1.99,0.8,false,2.18,0.97,false,results-verified/astr/logfiles/SV-COMP26_no-runtime-exception.InitMIFWIN_1.yml.log,results-verified/z3/logfiles/SV-COMP26_no-runtime-exception.InitMIFWIN_1.yml.log,sv-benchmarks/java/argv/mathewreny/ARM230Compiler.ARM230Compiler-master.Program_Files.com.unl.cse/InitMIFWIN_1/Main.java
InitMIF_1,65,3,0,20,3,0,0,2.01,0.83,false,2.09,0.85,false,results-verified/astr/logfiles/SV-COMP26_no-runtime-exception.InitMIF_1.yml.log,results-verified/z3/logfiles/SV-COMP26_no-runtime-exception.InitMIF_1.yml.log,sv-benchmarks/java/argv/mathewreny/ARM230Compiler.ARM230Compiler-master.BuildApril14th.Program_Files.edu.unl.cse/InitMIF_1/Main.java
InitMIF_2,92,5,0,19,2,2,0,2.2,0.89,false,2.17,0.9,unknown,results-verified/astr/logfiles/SV-COMP26_no-runtime-exception.InitMIF_2.yml.log,results-verified/z3/logfiles/SV-COMP26_no-runtime-exception.InitMIF_2.yml.log,sv-benchmarks/java/argv/mathewreny/ARM230Compiler.ARM230Compiler-master.CSCELAB.ARM230Assembler.ARM230Assembler.Program_Files.edu.unl.cse/InitMIF_2/Main.java
InitMIF_3,44,3,0,0,1,2,0,2.15,0.85,false,2.1,0.86,unknown,results-verified/astr/logfiles/SV-COMP26_no-runtime-exception.InitMIF_3.yml.log,results-verified/z3/logfiles/SV-COMP26_no-runtime-exception.InitMIF_3.yml.log,sv-benchmarks/java/argv/mathewreny/ARM230Compiler.ARM230Compiler-master.MostRecentEclipseBuild.Program_Files.edu.unl.cse/InitMIF_3/Main.java
InitMIF_4,49,3,0,22,3,0,0,2.02,0.81,false,2.34,0.95,false,results-verified/astr/logfiles/SV-COMP26_no-runtime-exception.InitMIF_4.yml.log,results-verified/z3/logfiles/SV-COMP26_no-runtime-exception.InitMIF_4.yml.log,sv-benchmarks/java/argv/mathewreny/ARM230Compiler.ARM230Compiler-master.Program_Files.com.unl.cse/InitMIF_4/Main.java
InitS230,19,1,0,0,1,2,0,3.05,1.38,unknown,2.19,0.92,unknown,results-verified/astr/logfiles/SV-COMP26_no-runtime-exception.InitS230.yml.log,results-verified/z3/logfiles/SV-COMP26_no-runtime-exception.InitS230.yml.log,sv-benchmarks/java/argv/mathewreny/ARM230Compiler.ARM230Compiler-master.Build415.Program_Files.edu.unl.cse/InitS230/Main.java
InitS230WIN,29,1,0,20,1,0,1,1.99,0.79,unknown,2.19,0.94,unknown,results-verified/astr/logfiles/SV-COMP26_no-runtime-exception.InitS230WIN.yml.log,results-verified/z3/logfiles/SV-COMP26_no-runtime-exception.InitS230WIN.yml.log,sv-benchmarks/java/argv/mathewreny/ARM230Compiler.ARM230Compiler-master.BuildApril14th.Program_Files.edu.unl.cse/InitS230WIN/Main.java
InitS230WIN_1,33,1,0,32,1,0,1,1.91,0.8,unknown,2.27,0.92,unknown,results-verified/astr/logfiles/SV-COMP26_no-runtime-exception.InitS230WIN_1.yml.log,results-verified/z3/logfiles/SV-COMP26_no-runtime-exception.InitS230WIN_1.yml.log,sv-benchmarks/java/argv/mathewreny/ARM230Compiler.ARM230Compiler-master.Program_Files.com.unl.cse/InitS230WIN_1/Main.java
InitS230_1,31,1,0,17,1,0,1,2.06,0.82,unknown,2.2,0.88,unknown,results-verified/astr/logfiles/SV-COMP26_no-runtime-exception.InitS230_1.yml.log,results-verified/z3/logfiles/SV-COMP26_no-runtime-exception.InitS230_1.yml.log,sv-benchmarks/java/argv/mathewreny/ARM230Compiler.ARM230Compiler-master.BuildApril14th.Program_Files.edu.unl.cse/InitS230_1/Main.java
InitS230_2,16,1,0,0,1,2,0,1.95,0.81,unknown,2.17,0.91,unknown,results-verified/astr/logfiles/SV-COMP26_no-runtime-exception.InitS230_2.yml.log,results-verified/z3/logfiles/SV-COMP26_no-runtime-exception.InitS230_2.yml.log,sv-benchmarks/java/argv/mathewreny/ARM230Compiler.ARM230Compiler-master.CSCELAB.ARM230Assembler.ARM230Assembler.Program_Files.edu.unl.cse/InitS230_2/Main.java
InitS230_3,15,1,0,0,1,2,0,2.12,0.85,unknown,2.21,0.95,unknown,results-verified/astr/logfiles/SV-COMP26_no-runtime-exception.InitS230_3.yml.log,results-verified/z3/logfiles/SV-COMP26_no-runtime-exception.InitS230_3.yml.log,sv-benchmarks/java/argv/mathewreny/ARM230Compiler.ARM230Compiler-master.MostRecentEclipseBuild.Program_Files.edu.unl.cse/InitS230_3/Main.java
InitS230_4,29,1,0,24,1,0,1,1.99,0.8,unknown,2.36,0.97,unknown,results-verified/astr/logfiles/SV-COMP26_no-runtime-exception.InitS230_4.yml.log,results-verified/z3/logfiles/SV-COMP26_no-runtime-exception.InitS230_4.yml.log,sv-benchmarks/java/argv/mathewreny/ARM230Compiler.ARM230Compiler-master.Program_Files.com.unl.cse/InitS230_4/Main.java
Init_1,31,1,0,22,1,0,1,1.91,0.78,unknown,2.21,0.96,unknown,results-verified/astr/logfiles/SV-COMP26_no-runtime-exception.Init_1.yml.log,results-verified/z3/logfiles/SV-COMP26_no-runtime-exception.Init_1.yml.log,sv-benchmarks/java/argv/mathewreny/ARM230Compiler.ARM230Compiler-master.Program_Files.com.unl.cse/Init_1/Main.java
IpParserUtil,208,7,1,20,3,1,1,3.51,2.33,unknown,2.05,0.85,unknown,results-verified/astr/logfiles/SV-COMP26_no-runtime-exception.IpParserUtil.yml.log,results-verified/z3/logfiles/SV-COMP26_no-runtime-exception.IpParserUtil.yml.log,sv-benchmarks/java/argv/alibaba/java-dns-cache-manipulator.java-dns-cache-manipulator-main.library.src.main.java.com.alibaba.dcm.internal/IpParserUtil/Main.java
IpParserUtil_1,92,7,1,21,3,1,1,2.0,0.87,unknown,2.01,0.83,unknown,results-verified/astr/logfiles/SV-COMP26_no-runtime-exception.IpParserUtil_1.yml.log,results-verified/z3/logfiles/SV-COMP26_no-runtime-exception.IpParserUtil_1.yml.log,sv-benchmarks/java/argv/oldratlee/java-dns-cache-manipulator.java-dns-cache-manipulator-main.library.src.main.java.com.alibaba.dcm.internal/IpParserUtil_1/Main.java
IpaInformationReader,306,9,0,27,3,2,0,3.65,2.48,unknown,1.75,0.73,unknown,results-verified/astr/logfiles/SV-COMP26_no-runtime-exception.IpaInformationReader.yml.log,results-verified/z3/logfiles/SV-COMP26_no-runtime-exception.IpaInformationReader.yml.log,sv-benchmarks/java/argv/Tommyatkins/tommyatkins.tommyatkins-master.src.main.java.com.tommyatkins.ios.ipa/IpaInformationReader/Main.java
JalgorInterpreter,184,2,0,36,2,0,0,3.42,2.11,false,2.27,0.92,false,results-verified/astr/logfiles/SV-COMP26_no-runtime-exception.JalgorInterpreter.yml.log,results-verified/z3/logfiles/SV-COMP26_no-runtime-exception.JalgorInterpreter.yml.log,sv-benchmarks/java/argv/ebratini/jalgor.jalgor-master.Jalgor.src.org.uasd.jalgor.business/JalgorInterpreter/Main.java
LOG,743,22,6,92,6,4,0,4.59,4.6,true,2.2,0.87,unknown,results-verified/astr/logfiles/SV-COMP26_no-runtime-exception.LOG.yml.log,results-verified/z3/logfiles/SV-COMP26_no-runtime-exception.LOG.yml.log,sv-benchmarks/java/argv/JsonHunt/mobile-app-scaffolding.mobile-app-scaffolding-master.mobile.platforms.android.CordovaLib.src.org.apache.cordova/LOG/Main.java
MessageProcessor,0,1,1,0,1,2,0,1.91,0.78,unknown,2.02,0.89,unknown,results-verified/astr/logfiles/SV-COMP26_no-runtime-exception.MessageProcessor.yml.log,results-verified/z3/logfiles/SV-COMP26_no-runtime-exception.MessageProcessor.yml.log,sv-benchmarks/java/argv/sheryanresutov/Set.Set-master.src.communication/MessageProcessor/Main.java
Movie,969,101,1,0,1,2,0,3.9,2.1,unknown,2.28,0.93,unknown,results-verified/astr/logfiles/SV-COMP26_no-runtime-exception.Movie.yml.log,results-verified/z3/logfiles/SV-COMP26_no-runtime-exception.Movie.yml.log,sv-benchmarks/java/argv/sarvex/Snow.Snow-master.tv.src.main.java.com.sarvex.snow/Movie/Main.java
NoteContentHandler,27,1,0,26,1,0,1,2.11,0.8,unknown,2.06,0.85,unknown,results-verified/astr/logfiles/SV-COMP26_no-runtime-exception.NoteContentHandler.yml.log,results-verified/z3/logfiles/SV-COMP26_no-runtime-exception.NoteContentHandler.yml.log,sv-benchmarks/java/argv/rmayr/privatenotes-tomdroid.privatenotes-tomdroid-master.src.org.privatenotes.xml/NoteContentHandler/Main.java
NoteHandler,144,10,0,184,10,0,0,2.17,0.9,true,2.65,1.07,true,results-verified/astr/logfiles/SV-COMP26_no-runtime-exception.NoteHandler.yml.log,results-verified/z3/logfiles/SV-COMP26_no-runtime-exception.NoteHandler.yml.log,sv-benchmarks/java/argv/rmayr/privatenotes-tomdroid.privatenotes-tomdroid-master.src.org.privatenotes.sync.sd/NoteHandler/Main.java
NoteUtil,0,1,1,0,1,2,0,2.44,1.19,unknown,2.43,1.18,unknown,results-verified/astr/logfiles/SV-COMP26_no-runtime-exception.NoteUtil.yml.log,results-verified/z3/logfiles/SV-COMP26_no-runtime-exception.NoteUtil.yml.log,sv-benchmarks/java/argv/nspotrepka/WaveformApproximation.WaveformApproximation-master.src.waveapprox.instruments/NoteUtil/Main.java
PCCASMTransformer,221,8,0,0,1,2,0,7.37,33.16,true,1.95,0.79,unknown,results-verified/astr/logfiles/SV-COMP26_no-runtime-exception.PCCASMTransformer.yml.log,results-verified/z3/logfiles/SV-COMP26_no-runtime-exception.PCCASMTransformer.yml.log,sv-benchmarks/java/argv/MikeLydeamore/CoFHCore.CoFHCore-master.src.main.java.cofh.asm/PCCASMTransformer/Main.java
Parser_1,0,1,1,0,1,2,1,1.64,0.74,false,1.51,0.68,false,results-verified/astr/logfiles/SV-COMP26_no-runtime-exception.Parser_1.yml.log,results-verified/z3/logfiles/SV-COMP26_no-runtime-exception.Parser_1.yml.log,sv-benchmarks/java/argv/martincameron/micromod.micromod-master.micromod.compiler/Parser_1/Main.java
Parser_1,0,1,1,0,1,2,1,1.64,0.74,false,2.07,0.89,unknown,results-verified/astr/logfiles/SV-COMP26_no-runtime-exception.Parser_1.yml.log,results-verified/z3/logfiles/SV-COMP26_no-runtime-exception.Parser_1.yml.log,sv-benchmarks/java/argv/martincameron/micromod.micromod-master.micromod.compiler/Parser_1/Main.java
Parser_1,0,1,1,0,1,2,1,3.04,2.15,unknown,1.51,0.68,false,results-verified/astr/logfiles/SV-COMP26_no-runtime-exception.Parser_1.yml.log,results-verified/z3/logfiles/SV-COMP26_no-runtime-exception.Parser_1.yml.log,sv-benchmarks/java/argv/martincameron/micromod.micromod-master.micromod.compiler/Parser_1/Main.java
Parser_1,0,1,1,0,1,2,1,3.04,2.15,unknown,2.07,0.89,unknown,results-verified/astr/logfiles/SV-COMP26_no-runtime-exception.Parser_1.yml.log,results-verified/z3/logfiles/SV-COMP26_no-runtime-exception.Parser_1.yml.log,sv-benchmarks/java/argv/martincameron/micromod.micromod-master.micromod.compiler/Parser_1/Main.java
PayHelper,159,8,0,55,8,0,0,2.02,0.87,true,2.22,0.86,true,results-verified/astr/logfiles/SV-COMP26_no-runtime-exception.PayHelper.yml.log,results-verified/z3/logfiles/SV-COMP26_no-runtime-exception.PayHelper.yml.log,sv-benchmarks/java/argv/shawnxiaogit/QS_SDK.QS_SDK-master.qspayhelper.src.com.qunsuan.qspayhelper/PayHelper/Main.java
Person,157,2,0,26,2,0,1,3.33,2.52,unknown,2.29,0.96,unknown,results-verified/astr/logfiles/SV-COMP26_no-runtime-exception.Person.yml.log,results-verified/z3/logfiles/SV-COMP26_no-runtime-exception.Person.yml.log,sv-benchmarks/java/argv/cswatt/advanced-db.advanced-db-master.src.entities/Person/Main.java
PhoneBuilder,149,4,0,31,3,1,0,3.33,2.07,true,2.36,0.99,unknown,results-verified/astr/logfiles/SV-COMP26_no-runtime-exception.PhoneBuilder.yml.log,results-verified/z3/logfiles/SV-COMP26_no-runtime-exception.PhoneBuilder.yml.log,sv-benchmarks/java/argv/eeleren/migrationtool.migrationtool-master.src.main.java.com.ericsson.pc.migrationtool.builder/PhoneBuilder/Main.java
PlaceDetailsService,0,1,1,0,1,1,0,3.31,1.96,unknown,1.84,0.8,unknown,results-verified/astr/logfiles/SV-COMP26_no-runtime-exception.PlaceDetailsService.yml.log,results-verified/z3/logfiles/SV-COMP26_no-runtime-exception.PlaceDetailsService.yml.log,sv-benchmarks/java/argv/Shidachi2805/CC_EatGateAndroidApp.CC_EatGateAndroidApp-master.app.src.main.java.de.eatgate.placessearch.services/PlaceDetailsService/Main.java
PlacesService,35,1,1,16,1,1,0,3.37,2.15,unknown,1.96,0.85,unknown,results-verified/astr/logfiles/SV-COMP26_no-runtime-exception.PlacesService.yml.log,results-verified/z3/logfiles/SV-COMP26_no-runtime-exception.PlacesService.yml.log,sv-benchmarks/java/argv/Shidachi2805/CC_EatGateAndroidApp.CC_EatGateAndroidApp-master.app.src.main.java.de.eatgate.placessearch.services/PlacesService/Main.java
ResumoActivity,318,36,0,131,36,0,0,2.37,1.07,true,2.81,1.07,true,results-verified/astr/logfiles/SV-COMP26_no-runtime-exception.ResumoActivity.yml.log,results-verified/z3/logfiles/SV-COMP26_no-runtime-exception.ResumoActivity.yml.log,sv-benchmarks/java/argv/raphapacheco/FinFacil.FinFacil-android-studio-master.app.src.main.java.br.com.backapp.finfacil.activity/ResumoActivity/Main.java
RouteMatcher,8936,378,0,0,1,1,1,15.84,12.96,true,1.92,0.76,unknown,results-verified/astr/logfiles/SV-COMP26_no-runtime-exception.RouteMatcher.yml.log,results-verified/z3/logfiles/SV-COMP26_no-runtime-exception.RouteMatcher.yml.log,sv-benchmarks/java/argv/buremba/netty-rest.netty-rest-master.src.main.java.org.rakam.server.http/RouteMatcher/Main.java
RoutesReader,1902,71,0,0,1,2,0,6.44,4.39,unknown,2.02,0.84,unknown,results-verified/astr/logfiles/SV-COMP26_no-runtime-exception.RoutesReader.yml.log,results-verified/z3/logfiles/SV-COMP26_no-runtime-exception.RoutesReader.yml.log,sv-benchmarks/java/argv/matero/ae.ae-master.web-processor.src.main.java.ae.web.processor/RoutesReader/Main.java
SmsService,386,1,0,19,1,0,0,4.25,5.38,unknown,1.89,0.8,unknown,results-verified/astr/logfiles/SV-COMP26_no-runtime-exception.SmsService.yml.log,results-verified/z3/logfiles/SV-COMP26_no-runtime-exception.SmsService.yml.log,sv-benchmarks/java/argv/GugleGH/sms-bank-listener.sms-bank-listener-master.SmsBankListener.src.ru.nosov.SMSreader.services/SmsService/Main.java
SnippetsIT,0,1,1,0,1,1,0,3.76,3.44,unknown,1.92,0.79,unknown,results-verified/astr/logfiles/SV-COMP26_no-runtime-exception.SnippetsIT.yml.log,results-verified/z3/logfiles/SV-COMP26_no-runtime-exception.SnippetsIT.yml.log,sv-benchmarks/java/argv/GoogleCloudPlatform/appengine-java-snippets.java-docs-samples-main.vertexai.snippets.src.test.java.vertexai.gemini/SnippetsIT/Main.java
Solution_12,0,1,1,0,1,2,0,3.47,2.15,unknown,1.84,0.9,unknown,results-verified/astr/logfiles/SV-COMP26_no-runtime-exception.Solution_12.yml.log,results-verified/z3/logfiles/SV-COMP26_no-runtime-exception.Solution_12.yml.log,sv-benchmarks/java/argv/dongyuxi/LeetCode.LeetCode-gh-pages.LeetCode.src.com.leetcode.problem067.addbinary/Solution_12/Main.java
Solution_2,30606,1361,0,0,1,1,1,60.84,56.0,TIMEOUT,1.94,0.82,unknown,results-verified/astr/logfiles/SV-COMP26_no-runtime-exception.Solution_2.yml.log,results-verified/z3/logfiles/SV-COMP26_no-runtime-exception.Solution_2.yml.log,sv-benchmarks/java/argv/dongyuxi/LeetCode.LeetCode-gh-pages.LeetCode.src.com.leetcode.problem005.longestpalindromicsubstring/Solution_2/Main.java
Solution_22,111,2,0,0,1,2,0,3.3,1.97,unknown,1.91,0.84,unknown,results-verified/astr/logfiles/SV-COMP26_no-runtime-exception.Solution_22.yml.log,results-verified/z3/logfiles/SV-COMP26_no-runtime-exception.Solution_22.yml.log,sv-benchmarks/java/argv/dongyuxi/LeetCode.LeetCode-gh-pages.LeetCode.src.com.leetcode.problem228.summaryranges/Solution_22/Main.java
Solution_6,321,13,0,0,1,0,1,3.26,2.53,unknown,1.88,0.81,unknown,results-verified/astr/logfiles/SV-COMP26_no-runtime-exception.Solution_6.yml.log,results-verified/z3/logfiles/SV-COMP26_no-runtime-exception.Solution_6.yml.log,sv-benchmarks/java/argv/dongyuxi/LeetCode.LeetCode-gh-pages.LeetCode.src.com.leetcode.problem010.regularexpressionmatching/Solution_6/Main.java
SplashScreenInternal,19136,87,0,0,1,2,0,18.15,31.29,false,1.97,0.79,unknown,results-verified/astr/logfiles/SV-COMP26_no-runtime-exception.SplashScreenInternal.yml.log,results-verified/z3/logfiles/SV-COMP26_no-runtime-exception.SplashScreenInternal.yml.log,sv-benchmarks/java/argv/JsonHunt/mobile-app-scaffolding.mobile-app-scaffolding-master.mobile.platforms.android.CordovaLib.src.org.apache.cordova/SplashScreenInternal/Main.java
Square,181,8,0,0,1,2,0,3.32,1.88,true,1.84,0.79,unknown,results-verified/astr/logfiles/SV-COMP26_no-runtime-exception.Square.yml.log,results-verified/z3/logfiles/SV-COMP26_no-runtime-exception.Square.yml.log,sv-benchmarks/java/argv/jbbrown93/Checkers.Checkers-master.Checkers.src.checkers/Square/Main.java
Starbucks,0,1,1,0,1,1,0,1.96,0.8,unknown,2.53,1.08,unknown,results-verified/astr/logfiles/SV-COMP26_no-runtime-exception.Starbucks.yml.log,results-verified/z3/logfiles/SV-COMP26_no-runtime-exception.Starbucks.yml.log,sv-benchmarks/java/argv/vzaliva/sbautologin.sbautologin-master.src.org.crocodile.sbautologin/Starbucks/Main.java
TeleopController,1024,42,0,95,64,0,0,5.19,3.45,true,2.6,1.0,true,results-verified/astr/logfiles/SV-COMP26_no-runtime-exception.TeleopController.yml.log,results-verified/z3/logfiles/SV-COMP26_no-runtime-exception.TeleopController.yml.log,sv-benchmarks/java/argv/FRC-Team-399-EagleRobotics/FRC0399-Code-2012.FRC0399-Code-2012-master.X-1_Old.frc399-2012-robot-END_of_Denver.src.org.team399.y2012.controllers/TeleopController/Main.java
TextUtils,194,19,1,0,1,1,1,2.18,1.0,unknown,2.06,0.89,unknown,results-verified/astr/logfiles/SV-COMP26_no-runtime-exception.TextUtils.yml.log,results-verified/z3/logfiles/SV-COMP26_no-runtime-exception.TextUtils.yml.log,sv-benchmarks/java/argv/stickfigure/unsuck.unsuck-master.src.main.java.unsuck.web/TextUtils/Main.java
Transacao,991,42,0,0,1,2,0,4.55,3.49,true,2.05,0.87,unknown,results-verified/astr/logfiles/SV-COMP26_no-runtime-exception.Transacao.yml.log,results-verified/z3/logfiles/SV-COMP26_no-runtime-exception.Transacao.yml.log,sv-benchmarks/java/argv/danielsnipher/saldobilhete.saldobilhete-master.src.br.com.entities/Transacao/Main.java
TransaksiMataKuliah,214,8,0,32,8,0,0,3.18,1.79,true,2.23,0.93,true,results-verified/astr/logfiles/SV-COMP26_no-runtime-exception.TransaksiMataKuliah.yml.log,results-verified/z3/logfiles/SV-COMP26_no-runtime-exception.TransaksiMataKuliah.yml.log,sv-benchmarks/java/argv/endangh/kplbo.kplbo-master.kplbo.src.test2/TransaksiMataKuliah/Main.java
Tuomari,6826,324,0,244,108,0,0,11.63,9.09,true,3.71,1.28,true,results-verified/astr/logfiles/SV-COMP26_no-runtime-exception.Tuomari.yml.log,results-verified/z3/logfiles/SV-COMP26_no-runtime-exception.Tuomari.yml.log,sv-benchmarks/java/argv/jelmnainen/ohtu-laskarit.ohtu-laskarit-master.viikko7.KiviPaperiSakset.KiviPaperiSakset.src.main.java.ohtu.kivipaperisakset.peli/Tuomari/Main.java
URIResolverImpl,90,6,0,177,6,0,0,1.92,0.81,true,2.78,1.15,true,results-verified/astr/logfiles/SV-COMP26_no-runtime-exception.URIResolverImpl.yml.log,results-verified/z3/logfiles/SV-COMP26_no-runtime-exception.URIResolverImpl.yml.log,sv-benchmarks/java/argv/rhizomik/redefer-rdf2html.redefer-rdf2html-master.src.main.java.net.rhizomik.redefer.util/URIResolverImpl/Main.java
UnParser,76,8,1,0,1,1,1,2.01,0.84,unknown,2.04,0.86,unknown,results-verified/astr/logfiles/SV-COMP26_no-runtime-exception.UnParser.yml.log,results-verified/z3/logfiles/SV-COMP26_no-runtime-exception.UnParser.yml.log,sv-benchmarks/java/argv/zhangruoxu/COMP9102.COMP9102-master.VC.src.VC.UnParser/UnParser/Main.java
UpdateCheckThread,0,1,1,0,1,1,0,3.19,2.61,unknown,1.8,0.76,unknown,results-verified/astr/logfiles/SV-COMP26_no-runtime-exception.UpdateCheckThread.yml.log,results-verified/z3/logfiles/SV-COMP26_no-runtime-exception.UpdateCheckThread.yml.log,sv-benchmarks/java/argv/MikeLydeamore/CoFHCore.CoFHCore-master.src.main.java.cofh.updater/UpdateCheckThread/Main.java
UsuarioBO,26591,10,0,33,8,1,1,10.79,36.5,false,2.12,0.87,unknown,results-verified/astr/logfiles/SV-COMP26_no-runtime-exception.UsuarioBO.yml.log,results-verified/z3/logfiles/SV-COMP26_no-runtime-exception.UsuarioBO.yml.log,sv-benchmarks/java/argv/JCDias/CadastroUsuarios.CadastroUsuarios-master.src.cadastroUsuario.negocio/UsuarioBO/Main.java
Utils_4,241,6,0,31,6,0,0,3.61,2.3,true,2.06,0.88,true,results-verified/astr/logfiles/SV-COMP26_no-runtime-exception.Utils_4.yml.log,results-verified/z3/logfiles/SV-COMP26_no-runtime-exception.Utils_4.yml.log,sv-benchmarks/java/argv/contentful/gallery-app-android.gallery-app-android-master.app.src.main.java.gallery.templates.contentful.lib/Utils_4/Main.java
Word,59,1,1,19,1,1,0,2.96,1.86,unknown,2.03,0.85,unknown,results-verified/astr/logfiles/SV-COMP26_no-runtime-exception.Word.yml.log,results-verified/z3/logfiles/SV-COMP26_no-runtime-exception.Word.yml.log,sv-benchmarks/java/argv/hotshot2162/Unscramble.Unscramble-master.src.xxxteslaxxx.chris.unscramble.custom_objects/Word/Main.java
WriteDataToCSVFileActivity,74,2,0,0,1,2,0,3.76,2.39,false,2.11,0.86,unknown,results-verified/astr/logfiles/SV-COMP26_no-runtime-exception.WriteDataToCSVFileActivity.yml.log,results-verified/z3/logfiles/SV-COMP26_no-runtime-exception.WriteDataToCSVFileActivity.yml.log,sv-benchmarks/java/argv/immlf/SynthControl.SynthControl-master.app.src.main.java.ua.pp.lab101.synthesizercontrol.activity.accessory/WriteDataToCSVFileActivity/Main.java
WundergroundReqest,248,24,0,339,24,0,0,2.2,0.97,true,3.27,1.22,true,results-verified/astr/logfiles/SV-COMP26_no-runtime-exception.WundergroundReqest.yml.log,results-verified/z3/logfiles/SV-COMP26_no-runtime-exception.WundergroundReqest.yml.log,sv-benchmarks/java/argv/senft/smplWeather.smplWeather-master.src.de.senft.smplweather.request/WundergroundReqest/Main.java
XML,0,1,1,0,1,1,1,2.99,1.96,unknown,2.03,0.86,unknown,results-verified/astr/logfiles/SV-COMP26_no-runtime-exception.XML.yml.log,results-verified/z3/logfiles/SV-COMP26_no-runtime-exception.XML.yml.log,sv-benchmarks/java/argv/freegreek/openthesaurus-gr-android.openthesaurus-gr-android-master.openthesaurus-gr.src.org.realjson/XML/Main.java
Zipper,182,1,0,20,1,0,1,4.08,3.34,unknown,1.61,0.72,unknown,results-verified/astr/logfiles/SV-COMP26_no-runtime-exception.Zipper.yml.log,results-verified/z3/logfiles/SV-COMP26_no-runtime-exception.Zipper.yml.log,sv-benchmarks/java/argv/KSUploader/KSUploader-client.client-legacy-master.src.it.ksuploader.utils/Zipper/Main.java
