(spf) Run started
2026-03-19 13:37:38,939 - INFO - Unable to find pqos_wrapper, please install it for cache allocation and monitoring if your CPU supports Intel RDT (cf. https://gitlab.com/sosy-lab/software/pqos-wrapper).
2026-03-19 13:37:38,940 - WARNING - Turbo boost of CPU is enabled. Starting more than one benchmark in parallel affects the CPU frequency and thus makes the performance unreliable.

executing run set 'String-z3'     (214 files)
2026-03-19 13:37:38,945 - INFO - LXCFS is not available, some host information like the uptime and the total number of CPU cores leaks into the container.
13:37:38   starting   jdart-regression/startswith.yml                                                                                                                                                                                
2026-03-19 13:37:38,946 - INFO - LXCFS is not available, some host information like the uptime and the total number of CPU cores leaks into the container.
13:37:38   starting   jdart-regression/OverapproximationString01.yml                                                                                                                                                                 
2026-03-19 13:37:38,948 - INFO - LXCFS is not available, some host information like the uptime and the total number of CPU cores leaks into the container.
13:37:38   starting   securibench/Factories3.yml                                                                                                                                                                                     
2026-03-19 13:37:38,949 - INFO - LXCFS is not available, some host information like the uptime and the total number of CPU cores leaks into the container.
13:37:38   starting   securibench/Pred4.yml                                                                                                                                                                                          
2026-03-19 13:37:40,741 - WARNING - System has swapped during benchmarking. Benchmark results are unreliable!
13:37:40              jdart-regression/OverapproximationString01.yml                                                                                                                                                                 true                         1.27    1.52
13:37:40   starting   securibench/Datastructures1.yml                                                                                                                                                                                
2026-03-19 13:37:40,757 - WARNING - System has swapped during benchmarking. Benchmark results are unreliable!
13:37:40              jdart-regression/startswith.yml                                                                                                                                                                                true                         1.26    1.54
13:37:40   starting   securibench/Collections3.yml                                                                                                                                                                                   
2026-03-19 13:37:41,674 - WARNING - System has swapped during benchmarking. Benchmark results are unreliable!
13:37:41              securibench/Pred4.yml                                                                                                                                                                                          true                         2.26    2.45
13:37:41   starting   securibench/Collections14.yml                                                                                                                                                                                  
2026-03-19 13:37:41,708 - WARNING - System has swapped during benchmarking. Benchmark results are unreliable!
13:37:41              securibench/Factories3.yml                                                                                                                                                                                     true                         2.27    2.48
13:37:41   starting   securibench/Aliasing5.yml                                                                                                                                                                                      
2026-03-19 13:37:43,391 - WARNING - System has swapped during benchmarking. Benchmark results are unreliable!
13:37:43              securibench/Collections3.yml                                                                                                                                                                                   true                         2.26    2.39
13:37:43   starting   securibench/Basic33.yml                                                                                                                                                                                        
2026-03-19 13:37:43,452 - WARNING - System has swapped during benchmarking. Benchmark results are unreliable!
13:37:43              securibench/Datastructures1.yml                                                                                                                                                                                true                         2.30    2.45
13:37:43   starting   securibench/Aliasing6.yml                                                                                                                                                                                      
2026-03-19 13:37:44,303 - WARNING - System has swapped during benchmarking. Benchmark results are unreliable!
13:37:44              securibench/Aliasing5.yml                                                                                                                                                                                      true                         2.26    2.37
13:37:44   starting   securibench/Collections1.yml                                                                                                                                                                                   
2026-03-19 13:37:45,022 - WARNING - System has swapped during benchmarking. Benchmark results are unreliable!
13:37:45              securibench/Collections14.yml                                                                                                                                                                                  true                         3.00    3.10
13:37:45   starting   securibench/Pred8.yml                                                                                                                                                                                          
2026-03-19 13:37:46,061 - WARNING - System has swapped during benchmarking. Benchmark results are unreliable!
13:37:46              securibench/Basic33.yml                                                                                                                                                                                        true                         2.31    2.42
13:37:46   starting   securibench/Basic17.yml                                                                                                                                                                                        
2026-03-19 13:37:46,260 - WARNING - System has swapped during benchmarking. Benchmark results are unreliable!
13:37:46              securibench/Aliasing6.yml                                                                                                                                                                                      true                         2.45    2.55
13:37:46   starting   securibench/Session3.yml                                                                                                                                                                                       
13:37:47              securibench/Collections1.yml                                                                                                                                                                                   true                         2.37    2.48
13:37:47   starting   securibench/Datastructures2.yml                                                                                                                                                                                
13:37:47              securibench/Pred8.yml                                                                                                                                                                                          true                         2.38    2.50
13:37:47   starting   securibench/Inter12.yml                                                                                                                                                                                        
13:37:48              securibench/Basic17.yml                                                                                                                                                                                        true                         2.37    2.48
13:37:48   starting   securibench/Basic5.yml                                                                                                                                                                                         
13:37:49              securibench/Session3.yml                                                                                                                                                                                       true                         2.39    2.54
13:37:49   starting   securibench/Arrays3.yml                                                                                                                                                                                        
13:37:49              securibench/Datastructures2.yml                                                                                                                                                                                true                         2.35    2.45
13:37:49   starting   securibench/Collections4.yml                                                                                                                                                                                   
13:37:50              securibench/Inter12.yml                                                                                                                                                                                        true                         2.36    2.46
13:37:50   starting   securibench/Aliasing1.yml                                                                                                                                                                                      
2026-03-19 13:37:51,858 - WARNING - System has swapped during benchmarking. Benchmark results are unreliable!
13:37:51              securibench/Arrays3.yml                                                                                                                                                                                        true                         2.39    2.51
13:37:51   starting   securibench/Collections6.yml                                                                                                                                                                                   
2026-03-19 13:37:52,489 - WARNING - System has swapped during benchmarking. Benchmark results are unreliable!
13:37:52              securibench/Collections4.yml                                                                                                                                                                                   true                         2.35    2.46
13:37:52   starting   securibench/Factories1.yml                                                                                                                                                                                     
2026-03-19 13:37:53,229 - WARNING - System has swapped during benchmarking. Benchmark results are unreliable!
13:37:53              securibench/Aliasing1.yml                                                                                                                                                                                      true                         2.34    2.45
13:37:53   starting   securibench/Aliasing4.yml                                                                                                                                                                                      
13:37:54              securibench/Collections6.yml                                                                                                                                                                                   true                         2.41    2.53
13:37:54   starting   securibench/Inter3.yml                                                                                                                                                                                         
13:37:56              securibench/Aliasing4.yml                                                                                                                                                                                      true                         2.39    2.51
13:37:56   starting   securibench/Refl1.yml                                                                                                                                                                                          
2026-03-19 13:37:56,759 - WARNING - System has swapped during benchmarking. Benchmark results are unreliable!
13:37:56              securibench/Basic5.yml                                                                                                                                                                                         true                         7.52    7.68
13:37:56   starting   securibench/Session1.yml                                                                                                                                                                                       
2026-03-19 13:37:57,635 - WARNING - System has swapped during benchmarking. Benchmark results are unreliable!
13:37:57              securibench/Inter3.yml                                                                                                                                                                                         true                         2.58    2.69
13:37:57   starting   securibench/Collections2.yml                                                                                                                                                                                   
2026-03-19 13:37:58,856 - WARNING - System has swapped during benchmarking. Benchmark results are unreliable!
13:37:58              securibench/Refl1.yml                                                                                                                                                                                          true                         2.44    2.56
13:37:58   starting   securibench/Basic16.yml                                                                                                                                                                                        
2026-03-19 13:37:59,703 - WARNING - System has swapped during benchmarking. Benchmark results are unreliable!
13:37:59              securibench/Session1.yml                                                                                                                                                                                       true                         2.57    2.68
13:37:59   starting   securibench/Arrays4.yml                                                                                                                                                                                        
2026-03-19 13:38:00,609 - WARNING - System has swapped during benchmarking. Benchmark results are unreliable!
13:38:00              securibench/Collections2.yml                                                                                                                                                                                   true                         2.53    2.67
13:38:00   starting   securibench/Basic11.yml                                                                                                                                                                                        
2026-03-19 13:38:00,893 - WARNING - System has swapped during benchmarking. Benchmark results are unreliable!
13:38:00              securibench/Factories1.yml                                                                                                                                                                                     true                         7.90    8.08
13:38:00   starting   securibench/Arrays2.yml                                                                                                                                                                                        
2026-03-19 13:38:01,896 - WARNING - System has swapped during benchmarking. Benchmark results are unreliable!
13:38:01              securibench/Basic16.yml                                                                                                                                                                                        true                         2.58    2.75
13:38:01   starting   securibench/Inter14.yml                                                                                                                                                                                        
13:38:02              securibench/Arrays4.yml                                                                                                                                                                                        true                         2.42    2.54
13:38:02   starting   securibench/Collections13.yml                                                                                                                                                                                  
13:38:03              securibench/Arrays2.yml                                                                                                                                                                                        true                         2.41    2.55
13:38:03   starting   securibench/Arrays1.yml                                                                                                                                                                                        
13:38:05              securibench/Inter14.yml                                                                                                                                                                                        true                         2.89    3.03
13:38:05   starting   securibench/Basic32.yml                                                                                                                                                                                        
13:38:05              securibench/Collections13.yml                                                                                                                                                                                  true                         2.39    2.51
13:38:05   starting   securibench/Inter8.yml                                                                                                                                                                                         
13:38:06              securibench/Arrays1.yml                                                                                                                                                                                        true                         2.43    2.60
13:38:06   starting   securibench/Basic19.yml                                                                                                                                                                                        
13:38:07              securibench/Basic32.yml                                                                                                                                                                                        true                         2.34    2.48
13:38:07   starting   securibench/Basic18.yml                                                                                                                                                                                        
13:38:08              securibench/Inter8.yml                                                                                                                                                                                         true                         2.35    2.46
13:38:08   starting   securibench/Collections9.yml                                                                                                                                                                                   
2026-03-19 13:38:09,372 - WARNING - System has swapped during benchmarking. Benchmark results are unreliable!
13:38:09              securibench/Basic19.yml                                                                                                                                                                                        true                         2.40    2.51
13:38:09   starting   securibench/Inter5.yml                                                                                                                                                                                         
2026-03-19 13:38:10,931 - WARNING - System has swapped during benchmarking. Benchmark results are unreliable!
13:38:10              securibench/Collections9.yml                                                                                                                                                                                   false                        2.41    2.53
13:38:10   starting   securibench/Basic3.yml                                                                                                                                                                                         
2026-03-19 13:38:11,243 - WARNING - System has swapped during benchmarking. Benchmark results are unreliable!
13:38:11              securibench/Basic18.yml                                                                                                                                                                                        true                         2.83    2.99
13:38:11   starting   securibench/Factories2.yml                                                                                                                                                                                     
2026-03-19 13:38:11,993 - WARNING - System has swapped during benchmarking. Benchmark results are unreliable!
13:38:11              securibench/Basic11.yml                                                                                                                                                                                        true                        10.94   11.10
13:38:11   starting   securibench/Arrays9.yml                                                                                                                                                                                        
13:38:14              securibench/Factories2.yml                                                                                                                                                                                     true                         2.39    2.66
13:38:14   starting   securibench/Refl4.yml                                                                                                                                                                                          
13:38:14              securibench/Arrays9.yml                                                                                                                                                                                        true                         2.41    2.53
13:38:14   starting   securibench/Pred9.yml                                                                                                                                                                                          
2026-03-19 13:38:16,989 - WARNING - System has swapped during benchmarking. Benchmark results are unreliable!
13:38:16              securibench/Refl4.yml                                                                                                                                                                                          true                         2.49    2.61
13:38:16   starting   securibench/Arrays10.yml                                                                                                                                                                                       
2026-03-19 13:38:17,152 - WARNING - System has swapped during benchmarking. Benchmark results are unreliable!
13:38:17              securibench/Inter5.yml                                                                                                                                                                                         true                         7.40    7.55
13:38:17   starting   securibench/Collections12.yml                                                                                                                                                                                  
2026-03-19 13:38:17,568 - WARNING - System has swapped during benchmarking. Benchmark results are unreliable!
13:38:17              securibench/Pred9.yml                                                                                                                                                                                          true                         2.43    2.55
13:38:17   starting   securibench/Inter4.yml                                                                                                                                                                                         
2026-03-19 13:38:18,813 - WARNING - System has swapped during benchmarking. Benchmark results are unreliable!
13:38:18              securibench/Basic3.yml                                                                                                                                                                                         true                         7.48    7.64
13:38:18   starting   securibench/Basic35.yml                                                                                                                                                                                        
13:38:19              securibench/Arrays10.yml                                                                                                                                                                                       false                        2.42    2.57
13:38:19   starting   securibench/Arrays7.yml                                                                                                                                                                                        
13:38:19              securibench/Collections12.yml                                                                                                                                                                                  true                         2.41    2.53
13:38:19   starting   securibench/Datastructures5.yml                                                                                                                                                                                
13:38:20              securibench/Inter4.yml                                                                                                                                                                                         true                         2.41    2.54
13:38:20   starting   securibench/Collections7.yml                                                                                                                                                                                   
13:38:21              securibench/Basic35.yml                                                                                                                                                                                        true                         2.74    2.86
13:38:21   starting   securibench/Inter1.yml                                                                                                                                                                                         
13:38:22              securibench/Arrays7.yml                                                                                                                                                                                        true                         2.48    2.61
13:38:22   starting   securibench/Inter2.yml                                                                                                                                                                                         
13:38:23              securibench/Collections7.yml                                                                                                                                                                                   true                         2.47    2.58
13:38:23   starting   securibench/Arrays6.yml                                                                                                                                                                                        
13:38:24              securibench/Inter1.yml                                                                                                                                                                                         true                         2.41    2.53
13:38:24   starting   securibench/Inter11.yml                                                                                                                                                                                        
13:38:25              securibench/Inter2.yml                                                                                                                                                                                         true                         2.40    2.65
13:38:25   starting   securibench/Inter6.yml                                                                                                                                                                                         
13:38:26              securibench/Arrays6.yml                                                                                                                                                                                        true                         2.41    2.53
13:38:26   starting   securibench/Arrays8.yml                                                                                                                                                                                        
13:38:27              securibench/Datastructures5.yml                                                                                                                                                                                true                         7.43    7.57
13:38:27   starting   securibench/Session2.yml                                                                                                                                                                                       
13:38:28              securibench/Inter6.yml                                                                                                                                                                                         true                         2.51    2.64
13:38:28   starting   securibench/Datastructures3.yml                                                                                                                                                                                
13:38:28              securibench/Arrays8.yml                                                                                                                                                                                        true                         2.45    2.56
13:38:28   starting   securibench/Basic15.yml                                                                                                                                                                                        
13:38:30              securibench/Session2.yml                                                                                                                                                                                       true                         2.54    2.65
13:38:30   starting   securibench/Inter7.yml                                                                                                                                                                                         
13:38:31              securibench/Datastructures3.yml                                                                                                                                                                                true                         2.56    2.68
13:38:31   starting   securibench/Basic1.yml                                                                                                                                                                                         
13:38:31              securibench/Basic15.yml                                                                                                                                                                                        true                         2.43    2.52
13:38:31   starting   securibench/Basic10.yml                                                                                                                                                                                        
13:38:32              securibench/Inter11.yml                                                                                                                                                                                        true                         7.49    7.63
13:38:32   starting   securibench/Datastructures6.yml                                                                                                                                                                                
13:38:33              securibench/Inter7.yml                                                                                                                                                                                         true                         2.46    2.59
13:38:33   starting   securibench/Refl3.yml                                                                                                                                                                                          
13:38:34              securibench/Basic1.yml                                                                                                                                                                                         true                         2.44    2.55
13:38:34   starting   securibench/Pred5.yml                                                                                                                                                                                          
13:38:34              securibench/Basic10.yml                                                                                                                                                                                        true                         2.34    2.47
13:38:34   starting   securibench/Collections5.yml                                                                                                                                                                                   
13:38:36              securibench/Datastructures6.yml                                                                                                                                                                                true                         3.35    3.49
13:38:36   starting   securibench/Basic34.yml                                                                                                                                                                                        
13:38:36              securibench/Refl3.yml                                                                                                                                                                                          true                         2.41    2.52
13:38:36   starting   securibench/Basic30.yml                                                                                                                                                                                        
13:38:37              securibench/Collections5.yml                                                                                                                                                                                   true                         2.36    2.46
13:38:37   starting   securibench/Inter13.yml                                                                                                                                                                                        
13:38:37              securibench/Pred5.yml                                                                                                                                                                                          true                         2.48    2.58
13:38:37   starting   securibench/Basic31.yml                                                                                                                                                                                        
13:38:39              securibench/Basic34.yml                                                                                                                                                                                        true                         2.43    2.54
13:38:39   starting   jbmc-regression/StringValueOf10.yml                                                                                                                                                                            
13:38:39              securibench/Basic30.yml                                                                                                                                                                                        true                         2.35    2.47
13:38:39   starting   jbmc-regression/StringBuilderChars02.yml                                                                                                                                                                       
13:38:39              securibench/Basic31.yml                                                                                                                                                                                        true                         2.40    2.54
13:38:39   starting   jbmc-regression/StringStartEnd02.yml                                                                                                                                                                           
13:38:39              securibench/Inter13.yml                                                                                                                                                                                        true                         2.55    2.72
13:38:39   starting   jbmc-regression/StringStartEnd03.yml                                                                                                                                                                           
13:38:40              jbmc-regression/StringValueOf10.yml                                                                                                                                                                            true                         1.34    1.44
13:38:40   starting   jbmc-regression/CharSequenceToString.yml                                                                                                                                                                       
13:38:40              jbmc-regression/StringBuilderChars02.yml                                                                                                                                                                       true                         1.34    1.45
13:38:40   starting   jbmc-regression/StringBuilderChars06.yml                                                                                                                                                                       
13:38:41              jbmc-regression/StringStartEnd02.yml                                                                                                                                                                           true                         1.37    1.47
13:38:41   starting   jbmc-regression/StringConcatenation04.yml                                                                                                                                                                      
13:38:41              jbmc-regression/StringStartEnd03.yml                                                                                                                                                                           true                         1.41    1.51
13:38:41   starting   jbmc-regression/StringBuilderCapLen02.yml                                                                                                                                                                      
13:38:42              jbmc-regression/StringBuilderChars06.yml                                                                                                                                                                       true                         1.34    1.43
13:38:42   starting   jbmc-regression/StringContains02.yml                                                                                                                                                                           
13:38:42              jbmc-regression/CharSequenceToString.yml                                                                                                                                                                       true                         1.39    1.48
13:38:42   starting   jbmc-regression/StringConstructors04.yml                                                                                                                                                                       
13:38:43              jbmc-regression/StringConcatenation04.yml                                                                                                                                                                      true                         1.35    1.45
13:38:43   starting   jbmc-regression/StringConstructors02.yml                                                                                                                                                                       
13:38:43              jbmc-regression/StringBuilderCapLen02.yml                                                                                                                                                                      true                         1.36    1.48
13:38:43   starting   jbmc-regression/StringContains01.yml                                                                                                                                                                           
13:38:44              jbmc-regression/StringConstructors04.yml                                                                                                                                                                       true                         1.32    1.41
13:38:44   starting   jbmc-regression/bug-test-gen-095.yml                                                                                                                                                                           
13:38:44              jbmc-regression/StringContains02.yml                                                                                                                                                                           true                         1.37    1.46
13:38:44   starting   jbmc-regression/StringConcatenation03.yml                                                                                                                                                                      
13:38:45              jbmc-regression/StringConstructors02.yml                                                                                                                                                                       true                         1.34    1.43
13:38:45   starting   jbmc-regression/StringConcatenation02.yml                                                                                                                                                                      
13:38:45              jbmc-regression/StringContains01.yml                                                                                                                                                                           true                         1.34    1.52
13:38:45   starting   jbmc-regression/StringConcatenation01.yml                                                                                                                                                                      
13:38:45              jbmc-regression/StringConcatenation03.yml                                                                                                                                                                      true                         1.35    1.44
13:38:45   starting   jbmc-regression/StringConstructors03.yml                                                                                                                                                                       
13:38:45              jbmc-regression/bug-test-gen-095.yml                                                                                                                                                                           true                         1.39    1.49
13:38:45   starting   jbmc-regression/StringConstructors05.yml                                                                                                                                                                       
13:38:46              jbmc-regression/StringConcatenation02.yml                                                                                                                                                                      true                         1.32    1.42
13:38:46   starting   strings-MAS/UpperCaseTest.yml                                                                                                                                                                                  
13:38:47              jbmc-regression/StringConcatenation01.yml                                                                                                                                                                      true                         1.39    1.48
13:38:47   starting   strings-MAS/ReplaceTest.yml                                                                                                                                                                                    
13:38:47              jbmc-regression/StringConstructors03.yml                                                                                                                                                                       true                         1.31    1.41
13:38:47   starting   strings-MAS/IsEmptyTest.yml                                                                                                                                                                                    
13:38:47              jbmc-regression/StringConstructors05.yml                                                                                                                                                                       true                         1.38    1.47
13:38:47   starting   strings-MAS/ValueOfTest.yml                                                                                                                                                                                    
13:38:48              strings-MAS/ReplaceTest.yml                                                                                                                                                                                    true                         1.37    1.49
13:38:48   starting   strings-MAS/ReverseTest.yml                                                                                                                                                                                    
13:38:49              strings-MAS/IsEmptyTest.yml                                                                                                                                                                                    true                         1.51    1.60
13:38:49   starting   strings-MAS/TrimTest.yml                                                                                                                                                                                       
13:38:49              strings-MAS/ValueOfTest.yml                                                                                                                                                                                    true                         1.53    1.62
13:38:49   starting   strings-MAS/DeleteTest.yml                                                                                                                                                                                     
13:38:49              strings-MAS/UpperCaseTest.yml                                                                                                                                                                                  true                         2.65    2.74
13:38:49   starting   strings-MAS/HelloWorld.yml                                                                                                                                                                                     
2026-03-19 13:38:51,054 - WARNING - System has swapped during benchmarking. Benchmark results are unreliable!
13:38:51              strings-MAS/ReverseTest.yml                                                                                                                                                                                    true                         1.89    2.01
13:38:51   starting   strings-MAS/ContainsTest.yml                                                                                                                                                                                   
2026-03-19 13:38:51,148 - WARNING - System has swapped during benchmarking. Benchmark results are unreliable!
13:38:51              strings-MAS/TrimTest.yml                                                                                                                                                                                       true                         1.43    1.53
13:38:51   starting   strings-MAS/InsertTest.yml                                                                                                                                                                                     
2026-03-19 13:38:51,222 - WARNING - System has swapped during benchmarking. Benchmark results are unreliable!
13:38:51              strings-MAS/DeleteTest.yml                                                                                                                                                                                     true                         1.36    1.46
13:38:51   starting   strings-MAS/LowerCaseTest.yml                                                                                                                                                                                  
2026-03-19 13:38:51,333 - WARNING - System has swapped during benchmarking. Benchmark results are unreliable!
13:38:51              strings-MAS/HelloWorld.yml                                                                                                                                                                                     true                         1.26    1.36
13:38:51   starting   strings-MAS/StartsWithTest.yml                                                                                                                                                                                 
2026-03-19 13:38:52,972 - WARNING - System has swapped during benchmarking. Benchmark results are unreliable!
13:38:52              strings-MAS/InsertTest.yml                                                                                                                                                                                     true                         1.50    1.59
13:38:52   starting   strings-MAS/EndsWithTest.yml                                                                                                                                                                                   
13:38:53              strings-MAS/StartsWithTest.yml                                                                                                                                                                                 true                         1.47    1.58
13:38:53   starting   strings-MAS/ConcatTest.yml                                                                                                                                                                                     
2026-03-19 13:38:54,337 - WARNING - System has swapped during benchmarking. Benchmark results are unreliable!
13:38:54              strings-MAS/LowerCaseTest.yml                                                                                                                                                                                  true                         2.73    2.84
13:38:54   starting   strings-MAS/CharAtTest.yml                                                                                                                                                                                     
13:38:54              strings-MAS/EndsWithTest.yml                                                                                                                                                                                   true                         1.47    1.55
13:38:54   starting   spf/ExSymExeStrings03.yml                                                                                                                                                                                      
13:38:54              strings-MAS/ConcatTest.yml                                                                                                                                                                                     true                         1.35    1.44
13:38:54   starting   spf/ExSymExeStrings07.yml                                                                                                                                                                                      
13:38:56              strings-MAS/CharAtTest.yml                                                                                                                                                                                     true                         1.57    1.66
13:38:56   starting   spf/ExSymExeStrings09.yml                                                                                                                                                                                      
13:38:56              spf/ExSymExeStrings03.yml                                                                                                                                                                                      false                        1.40    1.51
13:38:56   starting   spf/ExSymExeStrings10.yml                                                                                                                                                                                      
13:38:56              spf/ExSymExeStrings07.yml                                                                                                                                                                                      true                         1.37    1.48
13:38:56   starting   spf/ExSymExeStrings11.yml                                                                                                                                                                                      
13:38:58              spf/ExSymExeStrings09.yml                                                                                                                                                                                      true                         1.50    1.59
13:38:58   starting   spf/ExSymExeStrings12.yml                                                                                                                                                                                      
13:38:58              spf/ExSymExeStrings11.yml                                                                                                                                                                                      true                         1.28    1.38
13:38:58              spf/ExSymExeStrings10.yml                                                                                                                                                                                      true                         1.41    1.50
13:38:58   starting   spf/ExSymExeStrings13.yml                                                                                                                                                                                      
13:38:58   starting   spf/ExSymExeStrings15.yml                                                                                                                                                                                      
13:38:59              spf/ExSymExeStrings12.yml                                                                                                                                                                                      true                         1.33    1.42
13:38:59   starting   spf/ExSymExeStrings17.yml                                                                                                                                                                                      
13:39:00              spf/ExSymExeStrings15.yml                                                                                                                                                                                      true                         1.32    1.43
13:39:00   starting   spf/ExSymExeStrings18.yml                                                                                                                                                                                      
13:39:00              spf/ExSymExeStrings13.yml                                                                                                                                                                                      false                        1.47    1.57
13:39:00   starting   spf/ExSymExeStrings19.yml                                                                                                                                                                                      
13:39:01              spf/ExSymExeStrings17.yml                                                                                                                                                                                      true                         1.35    1.46
13:39:01   starting   spf/ExSymExeStrings20.yml                                                                                                                                                                                      
13:39:01              spf/ExSymExeStrings18.yml                                                                                                                                                                                      true                         1.32    1.42
13:39:01   starting   spf/ExSymExeStrings21.yml                                                                                                                                                                                      
13:39:02              spf/ExSymExeStrings19.yml                                                                                                                                                                                      true                         1.53    1.72
13:39:02   starting   spf/ExSymExeStrings22.yml                                                                                                                                                                                      
13:39:03              spf/ExSymExeStrings20.yml                                                                                                                                                                                      true                         1.43    1.52
13:39:03   starting   spf/ExSymExeStrings23.yml                                                                                                                                                                                      
13:39:03              spf/ExSymExeStrings21.yml                                                                                                                                                                                      false                        1.37    1.47
13:39:03   starting   spf/ExSymExeStrings24.yml                                                                                                                                                                                      
13:39:04              spf/ExSymExeStrings22.yml                                                                                                                                                                                      false                        1.43    1.54
13:39:04   starting   spf/ExSymExeStrings25.yml                                                                                                                                                                                      
13:39:05              spf/ExSymExeStrings23.yml                                                                                                                                                                                      false                        1.52    1.62
13:39:05   starting   spf/ExSymExeStrings26.yml                                                                                                                                                                                      
13:39:05              spf/ExSymExeStrings24.yml                                                                                                                                                                                      true                         1.50    1.59
13:39:05   starting   spf/ExSymExeStrings27.yml                                                                                                                                                                                      
13:39:05              spf/ExSymExeStrings25.yml                                                                                                                                                                                      true                         1.45    1.55
13:39:05   starting   spf/ExSymExeStrings28.yml                                                                                                                                                                                      
13:39:06              spf/ExSymExeStrings26.yml                                                                                                                                                                                      true                         1.41    1.50
13:39:06   starting   spf/ExSymExeStrings29.yml                                                                                                                                                                                      
13:39:07              spf/ExSymExeStrings27.yml                                                                                                                                                                                      true                         1.35    1.45
13:39:07   starting   spf/ExSymExeStrings31.yml                                                                                                                                                                                      
13:39:07              spf/ExSymExeStrings28.yml                                                                                                                                                                                      true                         1.40    1.50
13:39:07   starting   spf/ExSymExeStrings32.yml                                                                                                                                                                                      
13:39:08              spf/ExSymExeStrings29.yml                                                                                                                                                                                      true                         1.38    1.50
13:39:08   starting   spf/ExSymExeStrings33.yml                                                                                                                                                                                      
13:39:08              spf/ExSymExeStrings31.yml                                                                                                                                                                                      true                         1.42    1.54
13:39:08   starting   spf/ExSymExeStrings34.yml                                                                                                                                                                                      
13:39:09              spf/ExSymExeStrings32.yml                                                                                                                                                                                      true                         1.44    1.54
13:39:09   starting   spf/ExSymExeStrings39.yml                                                                                                                                                                                      
13:39:10              spf/ExSymExeStrings33.yml                                                                                                                                                                                      true                         1.53    1.62
13:39:10   starting   spf/ExSymExeStrings40.yml                                                                                                                                                                                      
13:39:10              spf/ExSymExeStrings34.yml                                                                                                                                                                                      true                         1.44    1.55
13:39:10   starting   spf/ExSymExeStrings43.yml                                                                                                                                                                                      
13:39:11              spf/ExSymExeStrings39.yml                                                                                                                                                                                      true                         1.46    1.56
13:39:11   starting   spf/ExSymExeStrings44.yml                                                                                                                                                                                      
13:39:12              spf/ExSymExeStrings43.yml                                                                                                                                                                                      true                         1.61    1.71
13:39:12   starting   spf/ExSymExeStrings45.yml                                                                                                                                                                                      
13:39:13              spf/ExSymExeStrings44.yml                                                                                                                                                                                      true                         1.50    1.60
13:39:13   starting   spf/ExSymExeStrings46.yml                                                                                                                                                                                      
13:39:13              spf/ExSymExeStrings40.yml                                                                                                                                                                                      true                         2.22    2.33
13:39:13   starting   spf/ExSymExeStrings52.yml                                                                                                                                                                                      
13:39:14              spf/ExSymExeStrings45.yml                                                                                                                                                                                      true                         1.43    1.53
13:39:14   starting   spf/ExSymExeStrings53.yml                                                                                                                                                                                      
13:39:14              spf/ExSymExeStrings46.yml                                                                                                                                                                                      true                         1.30    1.40
13:39:14   starting   spf/ExSymExeStringsFailed.yml                                                                                                                                                                                  
13:39:14              spf/ExSymExeStrings52.yml                                                                                                                                                                                      true                         1.37    1.46
13:39:14   starting   spf/GoodbyeWorld.yml                                                                                                                                                                                           
13:39:16              spf/ExSymExeStrings53.yml                                                                                                                                                                                      true                         1.43    1.52
13:39:16   starting   argv-strings/APK-Explorer-Editor/app.src.main.java.com.apk.editor.fragments/PermissionsFragment.yml                                                                                                            
13:39:16              spf/ExSymExeStringsFailed.yml                                                                                                                                                                                  true                         1.37    1.49
13:39:16   starting   argv-strings/Android-Plugin-Framework/FairyPlugin.src.main.java.com.limpoxe.fairy.manager/PluginManifestParser.yml                                                                                             
13:39:16              spf/GoodbyeWorld.yml                                                                                                                                                                                           true                         1.43    1.53
13:39:16   starting   argv-strings/AndroidHiddenApiBypass/library.src.main.java.org.lsposed.hiddenapibypass/CoreOjClassLoader.yml                                                                                                    
13:39:18              argv-strings/APK-Explorer-Editor/app.src.main.java.com.apk.editor.fragments/PermissionsFragment.yml                                                                                                            true                         1.40    1.51
13:39:18   starting   argv-strings/Arduino/arduino-core.src.cc.arduino/MessageConsumerOutputStream.yml                                                                                                                               
13:39:18              argv-strings/Android-Plugin-Framework/FairyPlugin.src.main.java.com.limpoxe.fairy.manager/PluginManifestParser.yml                                                                                             true                         1.40    1.49
13:39:18   starting   argv-strings/Arduino/arduino-core.src.cc.arduino.i18n/ExternalProcessOutputParser.yml                                                                                                                          
13:39:18              argv-strings/AndroidHiddenApiBypass/library.src.main.java.org.lsposed.hiddenapibypass/CoreOjClassLoader.yml                                                                                                    true                         1.35    1.44
13:39:18   starting   argv-strings/Arduino/arduino-core.src.edazdarevic.commons.net/CIDRUtils.yml                                                                                                                                    
13:39:19              argv-strings/Arduino/arduino-core.src.cc.arduino/MessageConsumerOutputStream.yml                                                                                                                               unknown                      1.52    1.62
13:39:19   starting   argv-strings/BilibiliDown/src.nicelee.bilibili.parsers.impl/FFmpegParser.yml                                                                                                                                   
13:39:20              argv-strings/Arduino/arduino-core.src.cc.arduino.i18n/ExternalProcessOutputParser.yml                                                                                                                          false                        1.45    1.56
13:39:20   starting   argv-strings/CatVodSpider/app.src.main.java.com.github.catvod.spider/WebDAV.yml                                                                                                                                
13:39:20              argv-strings/Arduino/arduino-core.src.edazdarevic.commons.net/CIDRUtils.yml                                                                                                                                    false                        1.46    1.56
13:39:20   starting   argv-strings/CoreNLP/itest.src.edu.stanford.nlp.pipeline/KBPAnnotatorBenchmark.yml                                                                                                                             
13:39:21              argv-strings/CatVodSpider/app.src.main.java.com.github.catvod.spider/WebDAV.yml                                                                                                                                false                        1.52    1.62
13:39:21   starting   argv-strings/CoreNLP/src.edu.stanford.nlp.loglinear.benchmarks/CoNLLBenchmark.yml                                                                                                                              
13:39:22              argv-strings/CoreNLP/itest.src.edu.stanford.nlp.pipeline/KBPAnnotatorBenchmark.yml                                                                                                                             true                         1.64    1.74
13:39:22   starting   argv-strings/CoreNLP/src.edu.stanford.nlp.loglinear.benchmarks/CoNLLFeaturizer.yml                                                                                                                             
2026-03-19 13:40:52,808 - WARNING - System has swapped during benchmarking. Benchmark results are unreliable!
13:40:52              strings-MAS/ContainsTest.yml                                                                                                                                                                                   TIMEOUT                    120.10  121.01
13:40:52   starting   argv-strings/CoreNLP/src.edu.stanford.nlp.tagger.maxent/ExtractorVerbalVBNZero.yml                                                                                                                             
2026-03-19 13:40:54,608 - WARNING - System has swapped during benchmarking. Benchmark results are unreliable!
13:40:54              argv-strings/CoreNLP/src.edu.stanford.nlp.tagger.maxent/ExtractorVerbalVBNZero.yml                                                                                                                             true                         1.46    1.56
13:40:54   starting   argv-strings/CoreNLP/src.edu.stanford.nlp.util/DataFilePaths.yml                                                                                                                                               
2026-03-19 13:40:56,360 - WARNING - System has swapped during benchmarking. Benchmark results are unreliable!
13:40:56              argv-strings/CoreNLP/src.edu.stanford.nlp.util/DataFilePaths.yml                                                                                                                                               true                         1.39    1.48
13:40:56   starting   argv-strings/DataSphereStudio/dss-appconn.appconns.dss-dolphinscheduler-appconn.src.main.java.com.webank.wedatasphere.dss.appconn.dolphinscheduler.sso/DolphinSchedulerTokenManager_1_X.yml                    
2026-03-19 13:40:58,177 - WARNING - System has swapped during benchmarking. Benchmark results are unreliable!
13:40:58              argv-strings/DataSphereStudio/dss-appconn.appconns.dss-dolphinscheduler-appconn.src.main.java.com.webank.wedatasphere.dss.appconn.dolphinscheduler.sso/DolphinSchedulerTokenManager_1_X.yml                    true                         1.44    1.54
13:40:58   starting   argv-strings/EnchantmentCracker/src.enchcracker/Items.yml                                                                                                                                                      
2026-03-19 13:41:23,743 - WARNING - System has swapped during benchmarking. Benchmark results are unreliable!
13:41:23              argv-strings/CoreNLP/src.edu.stanford.nlp.loglinear.benchmarks/CoNLLBenchmark.yml                                                                                                                              TIMEOUT                    120.07  121.00
13:41:23   starting   argv-strings/FRC-Team-399-EagleRobotics/FRC0399-Code-2012.FRC0399-Code-2012-master.X-1_Old.frc399-2012-robot-END_of_Denver.src.org.team399.y2012.controllers/TeleopController.yml                              
2026-03-19 13:41:24,070 - WARNING - System has swapped during benchmarking. Benchmark results are unreliable!
13:41:24              argv-strings/CoreNLP/src.edu.stanford.nlp.loglinear.benchmarks/CoNLLFeaturizer.yml                                                                                                                             TIMEOUT                    120.12  121.00
13:41:24   starting   argv-strings/JYso/src.main.java.com.qi4l.JYso.gadgets.utils.beanshell/BeanShellUtil.yml                                                                                                                        
2026-03-19 13:41:25,894 - WARNING - System has swapped during benchmarking. Benchmark results are unreliable!
13:41:25              argv-strings/JYso/src.main.java.com.qi4l.JYso.gadgets.utils.beanshell/BeanShellUtil.yml                                                                                                                        false                        1.43    1.56
13:41:25   starting   argv-strings/JYso/src.main.java.com.qi4l.JYso.gadgets.utils.clojure/ClojureUtil.yml                                                                                                                            
2026-03-19 13:41:26,092 - WARNING - System has swapped during benchmarking. Benchmark results are unreliable!
13:41:26              argv-strings/FRC-Team-399-EagleRobotics/FRC0399-Code-2012.FRC0399-Code-2012-master.X-1_Old.frc399-2012-robot-END_of_Denver.src.org.team399.y2012.controllers/TeleopController.yml                              true                         1.94    2.08
13:41:26   starting   argv-strings/Kore/app.src.main.java.org.xbmc.kore/ShareOpenActivity.yml                                                                                                                                        
2026-03-19 13:41:27,661 - WARNING - System has swapped during benchmarking. Benchmark results are unreliable!
13:41:27              argv-strings/JYso/src.main.java.com.qi4l.JYso.gadgets.utils.clojure/ClojureUtil.yml                                                                                                                            false                        1.39    1.48
13:41:27   starting   argv-strings/Mapper/spring-boot-starter.mapper-spring-boot-autoconfigure.src.main.java.tk.mybatis.mapper.autoconfigure/SpringBootVFS.yml                                                                       
2026-03-19 13:41:27,977 - WARNING - System has swapped during benchmarking. Benchmark results are unreliable!
13:41:27              argv-strings/Kore/app.src.main.java.org.xbmc.kore/ShareOpenActivity.yml                                                                                                                                        true                         1.44    1.56
13:41:27   starting   argv-strings/MikeLydeamore/CoFHCore.CoFHCore-master.src.main.java.cofh.asm/ClassOverride.yml                                                                                                                   
2026-03-19 13:41:28,748 - WARNING - System has swapped during benchmarking. Benchmark results are unreliable!
13:41:28              argv-strings/EnchantmentCracker/src.enchcracker/Items.yml                                                                                                                                                      true                        30.00   30.29
13:41:28   starting   argv-strings/MoonBox/moonbox-agent.moonbox-java-agent.moonbox-plugins.repeater.mybatis-plugin.src.main.java.com.alibaba.jvm.sandbox.repeater.plugin.mybatis/NewMybatisProcessor.yml                            
2026-03-19 13:41:29,363 - WARNING - System has swapped during benchmarking. Benchmark results are unreliable!
13:41:29              argv-strings/Mapper/spring-boot-starter.mapper-spring-boot-autoconfigure.src.main.java.tk.mybatis.mapper.autoconfigure/SpringBootVFS.yml                                                                       true                         1.33    1.42
13:41:29   starting   argv-strings/Nullgram/TMessagesProj.src.main.java.org.telegram.ui.web/BookmarksFragment.yml                                                                                                                    
2026-03-19 13:41:29,774 - WARNING - System has swapped during benchmarking. Benchmark results are unreliable!
13:41:29              argv-strings/MikeLydeamore/CoFHCore.CoFHCore-master.src.main.java.cofh.asm/ClassOverride.yml                                                                                                                   unknown                      1.43    1.55
13:41:29   starting   argv-strings/OpenPDF/openpdf-html.src.main.java.org.openpdf.css.parser/FSFunction.yml                                                                                                                          
2026-03-19 13:41:30,573 - WARNING - System has swapped during benchmarking. Benchmark results are unreliable!
13:41:30              argv-strings/MoonBox/moonbox-agent.moonbox-java-agent.moonbox-plugins.repeater.mybatis-plugin.src.main.java.com.alibaba.jvm.sandbox.repeater.plugin.mybatis/NewMybatisProcessor.yml                            true                         1.45    1.54
13:41:30   starting   argv-strings/OpenPDF/openpdf-renderer.src.main.java.org.openpdf.renderer.font/PDFFontEncoding.yml                                                                                                              
2026-03-19 13:41:31,118 - WARNING - System has swapped during benchmarking. Benchmark results are unreliable!
13:41:31              argv-strings/Nullgram/TMessagesProj.src.main.java.org.telegram.ui.web/BookmarksFragment.yml                                                                                                                    unknown                      1.38    1.48
13:41:31   starting   argv-strings/Qualitis/web.project.src.main.java.com.webank.wedatasphere.qualitis.rule.request/AddExecutionParametersRequest.yml                                                                                
2026-03-19 13:41:31,495 - WARNING - System has swapped during benchmarking. Benchmark results are unreliable!
13:41:31              argv-strings/OpenPDF/openpdf-html.src.main.java.org.openpdf.css.parser/FSFunction.yml                                                                                                                          true                         1.33    1.43
13:41:31   starting   argv-strings/Saturn/saturn-core.src.test.java.com.vip.saturn.job.utils/ScriptPidUtilsTest.yml                                                                                                                  
2026-03-19 13:41:32,392 - WARNING - System has swapped during benchmarking. Benchmark results are unreliable!
13:41:32              argv-strings/OpenPDF/openpdf-renderer.src.main.java.org.openpdf.renderer.font/PDFFontEncoding.yml                                                                                                              false                        1.42    1.54
13:41:32   starting   argv-strings/SecurityShepherd/src.it.java.servlets.module.lesson/DirectObjectLessonIT.yml                                                                                                                      
2026-03-19 13:41:33,331 - WARNING - System has swapped during benchmarking. Benchmark results are unreliable!
13:41:33              argv-strings/Qualitis/web.project.src.main.java.com.webank.wedatasphere.qualitis.rule.request/AddExecutionParametersRequest.yml                                                                                true                         1.86    1.96
13:41:33   starting   argv-strings/SecurityShepherd/src.it.java.servlets.module.lesson/PoorValidationLessonIT.yml                                                                                                                    
2026-03-19 13:41:33,390 - WARNING - System has swapped during benchmarking. Benchmark results are unreliable!
13:41:33              argv-strings/Saturn/saturn-core.src.test.java.com.vip.saturn.job.utils/ScriptPidUtilsTest.yml                                                                                                                  true                         1.54    1.65
13:41:33   starting   argv-strings/SecurityShepherd/src.it.java.servlets.module.lesson/SecurityMisconfigLessonIT.yml                                                                                                                 
2026-03-19 13:41:51,096 - WARNING - Killing process 429315 due to wall time timeout.
2026-03-19 13:41:51,708 - WARNING - System has swapped during benchmarking. Benchmark results are unreliable!
13:41:51              argv-strings/BilibiliDown/src.nicelee.bilibili.parsers.impl/FFmpegParser.yml                                                                                                                                   TIMEOUT                    119.00  151.00
13:41:51   starting   argv-strings/SecurityShepherd/src.it.java.servlets.module.lesson/SqlInjectionLessonIT.yml                                                                                                                      
2026-03-19 13:43:34,148 - WARNING - System has swapped during benchmarking. Benchmark results are unreliable!
13:43:34              argv-strings/SecurityShepherd/src.it.java.servlets.module.lesson/DirectObjectLessonIT.yml                                                                                                                      TIMEOUT                    120.21  121.01
13:43:34   starting   argv-strings/SecurityShepherd/src.it.java.servlets.module.lesson/UnvalidatedForwardsLessonIT.yml                                                                                                               
2026-03-19 13:43:35,085 - WARNING - System has swapped during benchmarking. Benchmark results are unreliable!
13:43:35              argv-strings/SecurityShepherd/src.it.java.servlets.module.lesson/PoorValidationLessonIT.yml                                                                                                                    TIMEOUT                    120.24  121.01
13:43:35   starting   argv-strings/SecurityShepherd/src.it.java.servlets.module.lesson/XssLessonIT.yml                                                                                                                               
2026-03-19 13:43:35,139 - WARNING - System has swapped during benchmarking. Benchmark results are unreliable!
13:43:35              argv-strings/SecurityShepherd/src.it.java.servlets.module.lesson/SecurityMisconfigLessonIT.yml                                                                                                                 TIMEOUT                    120.20  121.00
13:43:35   starting   argv-strings/SecurityShepherd/src.main.java.utils/ModulePlan.yml                                                                                                                                               
2026-03-19 13:43:37,232 - WARNING - System has swapped during benchmarking. Benchmark results are unreliable!
13:43:37              argv-strings/SecurityShepherd/src.main.java.utils/ModulePlan.yml                                                                                                                                               false                        1.65    1.79
13:43:37   starting   argv-strings/SecurityShepherd/src.main.java.utils/ScoreboardStatus.yml                                                                                                                                         
2026-03-19 13:43:49,576 - WARNING - System has swapped during benchmarking. Benchmark results are unreliable!
13:43:49              argv-strings/SecurityShepherd/src.main.java.utils/ScoreboardStatus.yml                                                                                                                                         false                        1.44    1.56
13:43:49   starting   argv-strings/Sermant/sermant-integration-tests.mq-consume-prohibition-test.mq-consume-prohibition-integration-test.src.test.java.io.sermant.mq.prohibition.integration.rocketmq/RocketMqProhibitionTest.yml    
2026-03-19 13:44:05,441 - WARNING - System has swapped during benchmarking. Benchmark results are unreliable!
13:44:05              argv-strings/SecurityShepherd/src.it.java.servlets.module.lesson/SqlInjectionLessonIT.yml                                                                                                                      TIMEOUT                    120.95  124.50
13:44:05   starting   argv-strings/Sermant/sermant-integration-tests.spring-test.spring-integration-test.src.test.java.io.sermant.integration.router/TagRouterTest.yml                                                               
2026-03-19 13:44:09,653 - WARNING - System has swapped during benchmarking. Benchmark results are unreliable!
13:44:09              argv-strings/Sermant/sermant-integration-tests.spring-test.spring-integration-test.src.test.java.io.sermant.integration.router/TagRouterTest.yml                                                               true                         3.83    3.93
13:44:09   starting   argv-strings/Superjisan/Stormy.Stormy-master.app.src.main.java.superjisan.com.stormy/CurrentWeather.yml                                                                                                        
13:44:12              argv-strings/Superjisan/Stormy.Stormy-master.app.src.main.java.superjisan.com.stormy/CurrentWeather.yml                                                                                                        true                         2.22    2.33
13:44:12   starting   argv-strings/TLS-Attacker/TLS-Core.src.main.java.de.rub.nds.tlsattacker.core.config.converters/BigIntegerConverter.yml                                                                                         
13:44:14              argv-strings/TLS-Attacker/TLS-Core.src.main.java.de.rub.nds.tlsattacker.core.config.converters/BigIntegerConverter.yml                                                                                         false                        1.61    1.72
13:44:14   starting   argv-strings/alero/java-simple-utils.java-simple-utils-master.simple-java-utils.i18n.src.main.java.org.hrodberaht.i18n.formatter/BooleanFormatter.yml                                                          
13:44:16              argv-strings/alero/java-simple-utils.java-simple-utils-master.simple-java-utils.i18n.src.main.java.org.hrodberaht.i18n.formatter/BooleanFormatter.yml                                                          false                        1.56    1.69
13:44:16   starting   argv-strings/blaze-persistence/core.impl.src.main.java.com.blazebit.persistence.impl.dialect/OracleDbmsDialect.yml                                                                                             
13:44:18              argv-strings/blaze-persistence/core.impl.src.main.java.com.blazebit.persistence.impl.dialect/OracleDbmsDialect.yml                                                                                             false                        1.50    1.60
13:44:18   starting   argv-strings/camunda-bpm-platform/distro.run.core.src.main.java.org.camunda.bpm.run.property/CamundaBpmRunAuthenticationProperties.yml                                                                         
2026-03-19 13:44:19,943 - WARNING - System has swapped during benchmarking. Benchmark results are unreliable!
13:44:19              argv-strings/camunda-bpm-platform/distro.run.core.src.main.java.org.camunda.bpm.run.property/CamundaBpmRunAuthenticationProperties.yml                                                                         false                        1.50    1.61
13:44:19   starting   argv-strings/camunda-bpm-platform/freemarker-template-engine.src.main.java.org.camunda.templateengines/FreeMarkerScriptEngineFactory.yml                                                                       
13:44:21              argv-strings/camunda-bpm-platform/freemarker-template-engine.src.main.java.org.camunda.templateengines/FreeMarkerScriptEngineFactory.yml                                                                       false                        1.55    1.65
13:44:21   starting   argv-strings/contentful/gallery-app-android.gallery-app-android-master.app.src.main.java.gallery.templates.contentful.lib/Utils_4.yml                                                                          
2026-03-19 13:44:23,746 - WARNING - System has swapped during benchmarking. Benchmark results are unreliable!
13:44:23              argv-strings/contentful/gallery-app-android.gallery-app-android-master.app.src.main.java.gallery.templates.contentful.lib/Utils_4.yml                                                                          true                         1.48    1.60
13:44:23   starting   argv-strings/data-transfer-project/extensions.cloud.portability-cloud-google.src.main.java.org.datatransferproject.cloud.google/GoogleCloudExtensionModule.yml                                                 
13:44:25              argv-strings/data-transfer-project/extensions.cloud.portability-cloud-google.src.main.java.org.datatransferproject.cloud.google/GoogleCloudExtensionModule.yml                                                 false                        1.43    1.54
13:44:25   starting   argv-strings/dble/src.main.java.com.actiontech.dble.meta/ReloadStatus.yml                                                                                                                                      
13:44:27              argv-strings/dble/src.main.java.com.actiontech.dble.meta/ReloadStatus.yml                                                                                                                                      true                         1.50    1.60
13:44:27   starting   argv-strings/dble/src.main.java.com.actiontech.dble.plan.common.item.function.timefunc/ItemFuncGetFormat.yml                                                                                                   
13:44:29              argv-strings/dble/src.main.java.com.actiontech.dble.plan.common.item.function.timefunc/ItemFuncGetFormat.yml                                                                                                   true                         1.86    1.95
13:44:29   starting   argv-strings/dexcount-gradle-plugin/src.main.java.com.android.dexdeps/Output.yml                                                                                                                               
13:44:31              argv-strings/dexcount-gradle-plugin/src.main.java.com.android.dexdeps/Output.yml                                                                                                                               false                        1.49    1.60
13:44:31   starting   argv-strings/document-management-system/src.main.java.com.openkm.extension.frontend.client.widget.htmleditor/HTMLEditorUtils.yml                                                                               
13:44:33              argv-strings/document-management-system/src.main.java.com.openkm.extension.frontend.client.widget.htmleditor/HTMLEditorUtils.yml                                                                               true                         1.76    1.87
13:44:33   starting   argv-strings/ebean/ebean-test.src.test.java.org.tests.basic/TestLimitQuery.yml                                                                                                                                 
2026-03-19 13:45:27,086 - WARNING - System has swapped during benchmarking. Benchmark results are unreliable!
2026-03-19 13:45:27,086 - WARNING - Logfile '/home/nat/Repos/bench-defs/results/spf.2026-03-19_13-37-38.logfiles/String-z3.RocketMqProhibitionTest.yml.log' is too big (size 10781555 bytes). Removing lines.
13:45:27              argv-strings/Sermant/sermant-integration-tests.mq-consume-prohibition-test.mq-consume-prohibition-integration-test.src.test.java.io.sermant.mq.prohibition.integration.rocketmq/RocketMqProhibitionTest.yml    true                        95.97   96.65
13:45:27   starting   argv-strings/ebratini/jalgor.jalgor-master.Jalgor.src.org.uasd.jalgor.business/JalgorInterpreter.yml                                                                                                           
13:45:29              argv-strings/ebratini/jalgor.jalgor-master.Jalgor.src.org.uasd.jalgor.business/JalgorInterpreter.yml                                                                                                           false                        1.53    1.66
13:45:29   starting   argv-strings/elide/elide-standalone.src.test.java.example/ElideStandaloneExportTest.yml                                                                                                                        
13:45:31              argv-strings/elide/elide-standalone.src.test.java.example/ElideStandaloneExportTest.yml                                                                                                                        true                         1.80    1.91
13:45:31   starting   argv-strings/endangh/kplbo.kplbo-master.kplbo.src.test2/TransaksiMataKuliah.yml                                                                                                                                
2026-03-19 13:45:33,087 - WARNING - System has swapped during benchmarking. Benchmark results are unreliable!
13:45:33              argv-strings/endangh/kplbo.kplbo-master.kplbo.src.test2/TransaksiMataKuliah.yml                                                                                                                                true                         1.47    1.58
13:45:33   starting   argv-strings/forest/forest-examples.example-solon.src.main.java.com.dtflys.forest.example.utils/PathUtil.yml                                                                                                   
13:45:37              argv-strings/forest/forest-examples.example-solon.src.main.java.com.dtflys.forest.example.utils/PathUtil.yml                                                                                                   true                         4.36    4.51
13:45:37   starting   argv-strings/forest/forest-examples.example-springboot.src.main.java.com.dtflys.forest.example.utils/PathUtil_1.yml                                                                                            
13:45:42              argv-strings/forest/forest-examples.example-springboot.src.main.java.com.dtflys.forest.example.utils/PathUtil_1.yml                                                                                            true                         4.35    4.47
13:45:42   starting   argv-strings/forest/forest-examples.example-springboot3.src.main.java.com.dtflys.forest.forestspringboot3example.utils/PathUtil_2.yml                                                                          
2026-03-19 13:45:47,370 - WARNING - System has swapped during benchmarking. Benchmark results are unreliable!
13:45:47              argv-strings/forest/forest-examples.example-springboot3.src.main.java.com.dtflys.forest.forestspringboot3example.utils/PathUtil_2.yml                                                                          true                         4.36    4.47
13:45:47   starting   argv-strings/hippo4j/infra.common.src.test.java.cn.hippo4j.common.toolkit/ExtensibilityTest.yml                                                                                                                
2026-03-19 13:45:47,927 - WARNING - System has swapped during benchmarking. Benchmark results are unreliable!
13:45:47              argv-strings/SecurityShepherd/src.it.java.servlets.module.lesson/UnvalidatedForwardsLessonIT.yml                                                                                                               TIMEOUT                    120.94  124.55
13:45:47   starting   argv-strings/hippo4j/infra.common.src.test.java.cn.hippo4j.common.toolkit/ProtocolRigidityTest.yml                                                                                                             
2026-03-19 13:45:48,729 - WARNING - System has swapped during benchmarking. Benchmark results are unreliable!
13:45:48              argv-strings/SecurityShepherd/src.it.java.servlets.module.lesson/XssLessonIT.yml                                                                                                                               TIMEOUT                    120.94  124.46
13:45:48   starting   argv-strings/http-request-smuggler/src.burp/DesyncBox.yml                                                                                                                                                      
2026-03-19 13:45:49,471 - WARNING - System has swapped during benchmarking. Benchmark results are unreliable!
13:45:49              argv-strings/hippo4j/infra.common.src.test.java.cn.hippo4j.common.toolkit/ExtensibilityTest.yml                                                                                                                true                         1.71    1.83
13:45:49   starting   argv-strings/jar-analyzer/src.main.java.me.n1ar4.jar.analyzer.core.asm/JavaWebClassVisitor.yml                                                                                                                 
13:45:49              argv-strings/hippo4j/infra.common.src.test.java.cn.hippo4j.common.toolkit/ProtocolRigidityTest.yml                                                                                                             true                         1.40    1.52
13:45:49   starting   argv-strings/jelmnainen/ohtu-laskarit.ohtu-laskarit-master.viikko7.KiviPaperiSakset.KiviPaperiSakset.src.main.java.ohtu.kivipaperisakset.peli/Tuomari.yml                                                      
13:45:50              argv-strings/http-request-smuggler/src.burp/DesyncBox.yml                                                                                                                                                      false                        1.58    1.68
13:45:50   starting   argv-strings/jogold9/WeatherBuddy.WeatherBuddy-master.app.src.main.java.com.joshbgold.WeatherBuddy/Forecast.yml                                                                                                
2026-03-19 13:45:51,269 - WARNING - System has swapped during benchmarking. Benchmark results are unreliable!
13:45:51              argv-strings/jar-analyzer/src.main.java.me.n1ar4.jar.analyzer.core.asm/JavaWebClassVisitor.yml                                                                                                                 true                         1.39    1.50
13:45:51   starting   argv-strings/keycloak-config-cli/src.main.java.de.adorsys.keycloak.config.provider/KeycloakExportProvider.yml                                                                                                  
2026-03-19 13:45:52,777 - WARNING - System has swapped during benchmarking. Benchmark results are unreliable!
13:45:52              argv-strings/jogold9/WeatherBuddy.WeatherBuddy-master.app.src.main.java.com.joshbgold.WeatherBuddy/Forecast.yml                                                                                                true                         1.68    1.79
13:45:52   starting   argv-strings/keycloak-config-cli/src.main.java.de.adorsys.keycloak.config.provider/KeycloakImportProvider.yml                                                                                                  
13:45:53              argv-strings/keycloak-config-cli/src.main.java.de.adorsys.keycloak.config.provider/KeycloakExportProvider.yml                                                                                                  true                         1.44    1.55
13:45:53   starting   argv-strings/leetcode-editor/src.main.java.com.shuzijun.leetcode.plugin.utils.doc/CleanNodeFormatter.yml                                                                                                       
13:45:54              argv-strings/keycloak-config-cli/src.main.java.de.adorsys.keycloak.config.provider/KeycloakImportProvider.yml                                                                                                  true                         1.50    1.61
13:45:54   starting   argv-strings/loosebruce/hmac_base64.java.hmac_base64.java-master.src.main.java.helper/HMAC.yml                                                                                                                 
13:45:55              argv-strings/leetcode-editor/src.main.java.com.shuzijun.leetcode.plugin.utils.doc/CleanNodeFormatter.yml                                                                                                       true                         1.55    1.64
13:45:55   starting   argv-strings/lydiaSidhom/ca-us.ca-us-master.Engine/ControlUnit.yml                                                                                                                                             
2026-03-19 13:45:55,693 - WARNING - System has swapped during benchmarking. Benchmark results are unreliable!
13:45:55              argv-strings/jelmnainen/ohtu-laskarit.ohtu-laskarit-master.viikko7.KiviPaperiSakset.KiviPaperiSakset.src.main.java.ohtu.kivipaperisakset.peli/Tuomari.yml                                                      true                         5.54    5.67
13:45:55   starting   argv-strings/mathewreny/ARM230Compiler.ARM230Compiler-master.Program_Files.com.unl.cse/InitMIF.yml                                                                                                             
13:45:56              argv-strings/loosebruce/hmac_base64.java.hmac_base64.java-master.src.main.java.helper/HMAC.yml                                                                                                                 unknown                      1.45    1.55
13:45:56   starting   argv-strings/mathewreny/ARM230Compiler.ARM230Compiler-master.Program_Files.com.unl.cse/InitMIFWIN.yml                                                                                                          
13:45:57              argv-strings/mathewreny/ARM230Compiler.ARM230Compiler-master.Program_Files.com.unl.cse/InitMIF.yml                                                                                                             false                        1.56    1.68
13:45:57   starting   argv-strings/raphapacheco/FinFacil.FinFacil-android-studio-master.app.src.main.java.br.com.backapp.finfacil.activity/ResumoActivity.yml                                                                        
13:45:58              argv-strings/lydiaSidhom/ca-us.ca-us-master.Engine/ControlUnit.yml                                                                                                                                             true                         3.07    3.21
13:45:58   starting   argv-strings/rhizomik/redefer-rdf2html.redefer-rdf2html-master.src.main.java.net.rhizomik.redefer.util/URIResolverImpl.yml                                                                                     
13:45:58              argv-strings/mathewreny/ARM230Compiler.ARM230Compiler-master.Program_Files.com.unl.cse/InitMIFWIN.yml                                                                                                          false                        1.69    1.80
13:45:58   starting   argv-strings/rmayr/privatenotes-tomdroid.privatenotes-tomdroid-master.src.org.privatenotes.sync.sd/NoteHandler.yml                                                                                             
2026-03-19 13:46:00,079 - WARNING - System has swapped during benchmarking. Benchmark results are unreliable!
13:46:00              argv-strings/raphapacheco/FinFacil.FinFacil-android-studio-master.app.src.main.java.br.com.backapp.finfacil.activity/ResumoActivity.yml                                                                        true                         1.97    2.09
13:46:00   starting   argv-strings/senft/smplWeather.smplWeather-master.src.de.senft.smplweather.request/WundergroundReqest.yml                                                                                                      
2026-03-19 13:46:00,432 - WARNING - System has swapped during benchmarking. Benchmark results are unreliable!
13:46:00              argv-strings/rhizomik/redefer-rdf2html.redefer-rdf2html-master.src.main.java.net.rhizomik.redefer.util/URIResolverImpl.yml                                                                                     true                         1.54    1.66
13:46:00   starting   argv-strings/shawnxiaogit/QS_SDK.QS_SDK-master.qspayhelper.src.com.qunsuan.qspayhelper/PayHelper.yml                                                                                                           
2026-03-19 13:46:00,563 - WARNING - System has swapped during benchmarking. Benchmark results are unreliable!
13:46:00              argv-strings/rmayr/privatenotes-tomdroid.privatenotes-tomdroid-master.src.org.privatenotes.sync.sd/NoteHandler.yml                                                                                             true                         1.51    1.61
2026-03-19 13:46:02,134 - WARNING - System has swapped during benchmarking. Benchmark results are unreliable!
13:46:02              argv-strings/senft/smplWeather.smplWeather-master.src.de.senft.smplweather.request/WundergroundReqest.yml                                                                                                      true                         1.65    1.75
2026-03-19 13:46:02,276 - WARNING - System has swapped during benchmarking. Benchmark results are unreliable!
13:46:02              argv-strings/shawnxiaogit/QS_SDK.QS_SDK-master.qspayhelper.src.com.qunsuan.qspayhelper/PayHelper.yml                                                                                                           true                         1.50    1.60
2026-03-19 13:46:35,470 - WARNING - System has swapped during benchmarking. Benchmark results are unreliable!
13:46:35              argv-strings/ebean/ebean-test.src.test.java.org.tests.basic/TestLimitQuery.yml                                                                                                                                 TIMEOUT                    120.23  121.00
2026-03-19 13:46:35,525 - WARNING - System has swapped during benchmarking. Benchmark results are unreliable!

Statistics:            214 Files
  correct:             179
    correct true:      173
    correct false:       6
  incorrect:            20
    incorrect true:      0
    incorrect false:    20
  unknown:              15
  Score:                32 (max: 422)

INFO:     results/spf.2026-03-19_13-37-38.results.String-z3.Java.no-runtime-exception.Main.xml.bz2
INFO: Merging results...
INFO: The resulting table will have 214 rows and 4 columns (in 1 run sets).
INFO: Generating table...
INFO: Writing HTML into results/spf.2026-03-19_13-37-38.results.String-z3.Java.no-runtime-exception.Main.html ...
INFO: Writing CSV  into results/spf.2026-03-19_13-37-38.results.String-z3.Java.no-runtime-exception.Main.csv ...
INFO: done
